2014-01-02,12490,12500,11775,11780,40155543
2014-01-03,11760,11780,11375,11520,50990325
2014-01-06,11530,11720,11445,11585,29110627
2014-01-07,11450,11735,11450,11655,23200330
2014-01-08,11715,11760,11495,11640,25842194
2014-01-09,11640,11670,11515,11515,19795217
2014-01-10,11455,11585,11230,11335,41981352
2014-01-13,11400,11525,11355,11475,15068608
2014-01-14,11415,11665,11310,11440,28635314
2014-01-15,11560,11585,11435,11505,15854723
2014-01-16,11555,11670,11540,11605,17118761
2014-01-17,11590,11625,11360,11410,23919597
2014-01-20,11385,11580,11250,11545,23323738
2014-01-21,11530,11715,11485,11710,21214015
2014-01-22,11655,11710,11615,11690,13215486
2014-01-23,11715,11720,11430,11430,32151861
2014-01-24,11340,11390,11175,11330,37999777
2014-01-27,11020,11135,10885,11055,39154816
2014-01-28,10980,11145,10950,11130,14817164
2014-01-29,11205,11395,11190,11355,20574568
2014-02-03,11230,11265,11005,11065,22290595
2014-02-04,10830,10835,10605,10655,44891121
2014-02-05,10760,10800,10640,10740,20591178
2014-02-06,10795,10985,10780,10910,19856812
2014-02-07,11050,11120,10940,11070,21376938
2014-02-10,11120,11165,10990,11075,13197796
2014-02-11,11010,11250,11010,11200,18604956
2014-02-12,11285,11370,11200,11260,24949363
2014-02-13,11255,11345,11045,11070,24923181
2014-02-14,11135,11420,11120,11330,30391153
2014-02-17,11475,11525,11340,11360,20522738
2014-02-18,11345,11430,11185,11365,28391067
2014-02-19,11300,11315,11125,11240,29636793
2014-02-20,11125,11280,11050,11115,26796657
2014-02-21,11280,11470,11265,11465,28739593
2014-02-24,11450,11510,11330,11385,17913154
2014-02-25,11510,11620,11460,11580,30196331
2014-02-26,11540,11690,11500,11655,23824864
2014-02-27,11615,11720,11570,11700,21515878
2014-02-28,11700,11805,11650,11695,26011022
2014-03-03,11530,11600,11400,11520,23623716
2014-03-04,11460,11535,11420,11460,17088515
2014-03-05,11670,11760,11665,11695,21780405
2014-03-06,11675,11705,11640,11690,11222526
2014-03-07,11755,11795,11550,11655,24322489
2014-03-10,11510,11540,11340,11355,27629247
2014-03-11,11385,11450,11345,11435,13700979
2014-03-12,11350,11360,11080,11100,41149587
2014-03-13,11200,11220,11050,11155,26265866
2014-03-14,10945,10970,10815,10915,28257877
2014-03-17,10885,11005,10855,11005,12871785
2014-03-18,11160,11230,11015,11140,24765174
2014-03-19,11230,11270,11100,11155,18303042
2014-03-20,11060,11065,10845,10875,32499161
2014-03-21,10955,11050,10925,11050,15848082
2014-03-24,11080,11245,11055,11155,22437183
2014-03-25,11130,11215,11075,11120,16923572
2014-03-26,11270,11475,11265,11440,36755585
2014-03-27,11425,11595,11375,11565,27166719
2014-03-28,11550,11690,11525,11565,28896817
2014-03-31,11650,11700,11545,11605,24094790
2014-04-01,11625,11780,11535,11705,32830023
2014-04-02,11795,11830,11755,11780,21919009
2014-04-03,11795,11960,11765,11765,30679341
2014-04-04,11780,11920,11765,11860,21059623
2014-04-07,11755,11860,11690,11800,18339089
2014-04-08,11715,11960,11700,11930,16824140
2014-04-09,11985,12030,11930,11965,16083442
2014-04-10,12065,12105,11955,12010,21145676
2014-04-11,11830,11860,11740,11830,20210985
2014-04-14,11780,11945,11760,11900,12746351
2014-04-15,11965,11995,11745,11760,18655271
2014-04-16,11770,11885,11670,11860,16228657
2014-04-17,11925,11945,11750,11820,15882722
2014-04-18,11910,12025,11905,12005,20352343
2014-04-21,11980,12000,11865,11960,10844014
2014-04-22,11950,12000,11800,11960,21075582
2014-04-23,12010,12065,11890,11925,17193835
2014-04-24,11965,12005,11860,11915,13887817
2014-04-25,11865,11890,11570,11590,30426649
2014-04-28,11515,11625,11490,11570,16362300
2014-04-29,11560,11600,11430,11455,18229049
2014-04-30,11520,11550,11325,11345,18904624
2014-05-02,11425,11440,11300,11355,14027921
2014-05-07,11360,11405,11085,11110,27806965
2014-05-08,11155,11220,11015,11220,23956367
2014-05-09,11200,11320,11180,11245,15651189
2014-05-12,11245,11395,11160,11380,19499140
2014-05-13,11465,11765,11435,11690,37651922
2014-05-14,11715,12020,11715,12000,46449090
2014-05-15,12000,12135,11975,11995,36767214
2014-05-16,11900,12015,11890,11995,18108944
2014-05-19,12040,12050,11875,12030,17631423
2014-05-20,11995,12080,11980,12005,13328072
2014-05-21,11930,12165,11915,12020,22215702
2014-05-22,12100,12230,12060,12145,22485840
2014-05-23,12125,12165,12080,12100,10564383
2014-05-26,12120,12160,12030,12050,11870171
2014-05-27,12080,12100,11705,11810,26977114
2014-05-28,11800,12060,11785,12060,18284623
2014-05-29,12120,12125,11980,12030,12503009
2014-05-30,12010,12090,11840,11840,18440297
2014-06-02,11875,11970,11830,11880,10768413
2014-06-03,11920,11925,11735,11910,14785335
2014-06-05,11920,11950,11710,11780,16600996
2014-06-09,11890,12015,11760,11780,19510652
2014-06-10,11900,12010,11845,12010,14730918
2014-06-11,11985,12060,11940,11980,10495289
2014-06-12,11970,11990,11850,11915,12714799
2014-06-13,11830,11840,11545,11590,36515912
2014-06-16,11590,11735,11530,11725,15837834
2014-06-17,11710,11795,11660,11760,14961879
2014-06-18,11740,11755,11605,11630,16942566
2014-06-19,11725,11800,11610,11685,18965259
2014-06-20,11645,11670,11320,11435,43800491
2014-06-23,11465,11535,11380,11480,19282005
2014-06-24,11420,11790,11415,11720,31385987
2014-06-25,11695,11750,11540,11565,23074786
2014-06-26,11620,11790,11590,11730,26707989
2014-06-27,11720,11780,11565,11670,21832786
2014-06-30,11710,11820,11700,11725,17192966
2014-07-01,11670,11755,11565,11710,19948311
2014-07-02,11820,11975,11790,11885,36498724
2014-07-03,11900,11925,11835,11855,10070059
2014-07-04,11950,11970,11795,11815,15381071
2014-07-07,11775,11815,11610,11700,22637081
2014-07-08,11720,11750,11590,11685,18146689
2014-07-09,11580,11600,11495,11570,19453041
2014-07-10,11625,11680,11570,11625,14746879
2014-07-11,11510,11520,11375,11415,35394968
2014-07-14,11500,11600,11455,11515,19249883
2014-07-15,11600,11805,11570,11750,33648941
2014-07-16,11750,11835,11725,11780,14867540
2014-07-17,11830,11950,11825,11855,25807513
2014-07-18,11695,11820,11670,11820,17178867
2014-07-21,11910,12000,11825,11830,21115905
2014-07-22,11830,11985,11810,11975,17167294
2014-07-23,12025,12040,11935,11965,18025281
2014-07-24,11980,12075,11925,11970,19176855
2014-07-25,11990,12045,11980,12035,12965817
2014-07-28,12065,12290,12040,12235,26951694
2014-07-29,12315,12500,12295,12480,25027392
2014-07-30,12550,12935,12520,12770,35021039
2014-07-31,12735,12880,12610,12635,16647579
2014-08-01,12450,12665,12450,12540,24005744
2014-08-04,12610,12630,12455,12555,14883502
2014-08-05,12500,12525,12320,12370,22349926
2014-08-06,12340,12405,12230,12295,16242111
2014-08-07,12250,12295,12115,12190,21125866
2014-08-08,12125,12130,11835,11885,37545661
2014-08-11,12070,12075,11960,12020,15231601
2014-08-12,12065,12180,12020,12035,18011779
2014-08-13,12070,12150,12005,12150,15067859
2014-08-14,12200,12360,12130,12225,25444479
2014-08-18,12295,12330,12060,12095,20463332
2014-08-19,12155,12350,12150,12290,23653641
2014-08-20,12375,12395,12220,12250,16930305
2014-08-21,12220,12250,11825,11870,38161676
2014-08-22,11910,12065,11870,12030,20920738
2014-08-25,11995,12125,11875,12085,19205835
2014-08-26,12175,12250,12105,12180,22045613
2014-08-27,12245,12330,12175,12195,23761638
2014-08-28,12245,12415,12205,12215,27848072
2014-08-29,12155,12175,11995,12100,23309661
2014-09-01,12060,12145,12035,12090,14375190
2014-09-02,12055,12065,11825,11870,36187507
2014-09-03,11810,11880,11695,11815,26867985
2014-09-04,11925,12000,11865,11890,19417337
2014-09-05,11850,11940,11720,11830,21319225
2014-09-11,11820,11820,11690,11705,19739809
2014-09-12,11730,11800,11665,11755,16716803
2014-09-15,11680,11730,11560,11665,23379045
2014-09-16,11710,11780,11675,11740,12516474
2014-09-17,11845,11975,11840,11960,25236277
2014-09-18,11930,11975,11780,11820,19370952
2014-09-19,11910,11980,11875,11895,17744165
2014-09-22,11800,11805,11525,11615,40307739
2014-09-23,11500,11615,11475,11550,20616485
2014-09-24,11460,11540,11375,11525,26418486
2014-09-25,11600,11635,11460,11515,19962309
2014-09-26,11345,11440,11330,11440,14711095
2014-09-29,11445,11505,11335,11395,18460211
2014-09-30,11320,11420,11195,11275,27646138
2014-10-01,11180,11210,10965,10995,32668206
2014-10-02,10860,10885,10610,10735,41860863
2014-10-06,10780,10820,10640,10680,19698150
2014-10-07,10780,10810,10630,10705,18497849
2014-10-08,10585,10685,10530,10645,22575113
2014-10-10,10505,10510,10210,10315,40820757
2014-10-13,10110,10275,10040,10245,23326765
2014-10-14,10360,10400,10230,10250,25564689
2014-10-15,10200,10325,10110,10200,29665373
2014-10-16,10100,10155,9970,10110,33852990
2014-10-17,10140,10170,9840,9895,41078982
2014-10-20,10030,10210,10025,10140,26029375
2014-10-21,10090,10100,9895,9990,35170359
2014-10-22,10195,10235,10075,10140,22067004
2014-10-23,10110,10285,10075,10180,31040399
2014-10-24,10230,10255,9975,10085,25825318
2014-10-27,10160,10280,10145,10185,26345605
2014-10-28,10215,10235,10105,10165,13583936
2014-10-29,10275,10600,10220,10555,39019855
2014-10-30,10500,10535,10405,10535,16255104
2014-10-31,10605,10690,10465,10660,30974267
2014-11-03,10650,10655,10505,10555,19310161
2014-11-04,10505,10620,10330,10395,28791681
2014-11-05,10440,10485,10305,10350,19653103
2014-11-06,10300,10500,10260,10460,23869523
2014-11-07,10430,10510,10400,10475,15617359
2014-11-10,10565,10770,10555,10690,25630273
2014-11-11,10695,10740,10655,10670,13088827
2014-11-12,10665,10850,10645,10750,20205253
2014-11-13,10740,10810,10620,10690,23528884
2014-11-14,10635,10645,10400,10485,29887927
2014-11-17,10410,10590,10385,10545,21215020
2014-11-18,10545,10765,10545,10720,23919200
2014-11-19,10800,10800,10625,10675,17705958
2014-11-20,10570,10680,10520,10595,16171595
2014-11-21,10640,10725,10610,10660,14382975
2014-11-24,10825,10940,10810,10875,28660868
2014-11-25,10895,10905,10810,10865,10654876
2014-11-26,10875,10880,10725,10820,16919624
2014-11-27,10960,11015,10905,10950,29510505
2014-11-28,10925,10985,10895,10930,8595441
2014-12-01,10840,10845,10685,10745,20248008
2014-12-02,10690,10730,10625,10725,12484428
2014-12-03,10760,10820,10710,10775,11883931
2014-12-04,10770,11040,10770,11020,28131103
2014-12-05,10970,11060,10970,11010,9430710
2014-12-08,10975,11065,10950,10970,10556277
2014-12-09,10900,10940,10840,10905,10669419
2014-12-10,10835,10835,10580,10585,24591549
2014-12-11,10435,10500,10275,10300,33568789
2014-12-12,10340,10365,10245,10335,13672760
2014-12-15,10140,10360,10060,10360,20309293
2014-12-16,10250,10350,10120,10200,22583277
2014-12-17,10275,10280,10135,10135,19404971
2014-12-18,10300,10360,9970,10110,33551619
2014-12-19,10300,10480,10280,10415,30884720
2014-12-22,10480,10600,10410,10565,21769973
2014-12-23,10570,10595,10515,10550,13839169
2014-12-24,10520,10640,10490,10615,19363880
2014-12-26,10595,10720,10595,10620,22088286
2014-12-29,10700,10730,10550,10555,16180159
2014-12-30,10550,10615,10290,10290,19543895
2015-01-02,10275,10405,10235,10390,11762656
2015-01-05,10335,10385,10140,10355,24617902
2015-01-06,10110,10160,9955,9980,50232025
2015-01-07,9970,10035,9915,10000,21900545
2015-01-08,10120,10325,10105,10265,29185377
2015-01-09,10440,10575,10405,10495,37670956
2015-01-12,10390,10525,10380,10445,17582512
2015-01-13,10410,10545,10350,10540,19093638
2015-01-14,10500,10615,10440,10450,21910539
2015-01-15,10410,10540,10370,10510,20370790
2015-01-16,10400,10405,10140,10210,42236677
2015-01-19,10320,10480,10290,10420,25077131
2015-01-20,10460,10615,10460,10595,32663170
2015-01-21,10545,10650,10500,10650,23705054
2015-01-22,10740,10830,10680,10700,29401998
2015-01-23,10955,11000,10795,10830,30381845
2015-01-26,10750,10850,10660,10825,13982616
2015-01-27,10925,10990,10880,10985,23838564
2015-01-28,10870,11020,10860,11000,20486606
2015-01-29,10900,10995,10785,10900,22731680
2015-01-30,11000,11015,10860,10860,17537317
2015-02-02,10755,10920,10750,10835,12442342
2015-02-03,10925,10950,10715,10820,18278250
2015-02-04,10970,11060,10920,10965,26418983
2015-02-05,10935,10960,10730,10745,21984496
2015-02-06,10750,10800,10695,10785,13244342
2015-02-09,10710,10800,10650,10745,9235346
2015-02-10,10745,10845,10630,10650,17528439
2015-02-11,10650,10715,10620,10685,11721254
2015-02-12,10710,10710,10475,10590,22254068
2015-02-13,10690,10785,10680,10765,15697472
2015-02-16,10765,10835,10760,10800,11791138
2015-02-17,10735,10875,10700,10840,13472762
2015-02-23,10950,11035,10885,10895,15511151
2015-02-24,10910,10965,10885,10915,10325448
2015-02-25,11000,11050,10975,11010,21474889
2015-02-26,11020,11025,10945,11010,10296321
2015-02-27,10970,10990,10860,10915,15411842
2015-03-02,10980,11065,10960,11045,17399785
2015-03-03,11100,11165,11085,11130,15215506
2015-03-04,11090,11140,11090,11110,8286884
2015-03-05,11070,11170,11055,11145,9555586
2015-03-06,11150,11260,11150,11255,14060937
2015-03-09,11165,11200,10995,11025,16463085
2015-03-10,11085,11085,10935,10940,14779396
2015-03-11,10795,10950,10750,10935,16301176
2015-03-12,10895,10995,10830,10900,17558144
2015-03-13,10985,11015,10930,10995,15229370
2015-03-16,10945,11030,10915,11015,7363474
2015-03-17,11100,11500,11075,11475,53220899
2015-03-18,11500,11590,11480,11490,26851315
2015-03-19,11645,11675,11520,11560,22625051
2015-03-20,11540,11580,11450,11500,8838034
2015-03-23,11580,11645,11475,11510,15275771
2015-03-24,11495,11540,11405,11535,11317095
2015-03-25,11530,11625,11505,11550,11004386
2015-03-26,11390,11500,11290,11325,20042124
2015-03-27,11320,11360,11240,11265,12818311
2015-03-30,11240,11330,11200,11320,11503945
2015-03-31,11435,11455,11285,11320,14610168
2015-04-01,11280,11325,11145,11155,13851779
2015-04-02,11205,11275,11150,11180,9660773
2015-04-03,11210,11355,11195,11345,10138069
2015-04-06,11320,11445,11295,11340,10603791
2015-04-07,11430,11435,11285,11290,10706677
2015-04-08,11305,11480,11285,11460,15075872
2015-04-09,11410,11515,11375,11435,13565809
2015-04-10,11465,11785,11460,11730,30348668
2015-04-13,11770,11905,11740,11885,15538872
2015-04-14,11890,12060,11875,12010,22605375
2015-04-15,12050,12145,12000,12095,17348843
2015-04-16,12200,12295,12165,12275,20770791
2015-04-17,12300,12350,12245,12285,13829623
2015-04-20,12150,12305,12135,12260,14896390
2015-04-21,12320,12325,12225,12245,14674710
2015-04-22,12250,12550,12245,12340,25380487
2015-04-23,12455,12710,12365,12710,23772055
2015-04-24,12725,12935,12550,12550,27920214
2015-04-27,12665,12675,12470,12490,10948460
2015-04-28,12550,12580,12340,12390,11939778
2015-04-29,12450,12450,12150,12290,13699507
2015-04-30,12180,12270,12120,12175,8866488
2015-05-04,12240,12335,12200,12270,6239592
2015-05-06,12150,12180,11870,11905,17691484
2015-05-07,11880,11885,11615,11775,19233828
2015-05-08,11800,11805,11690,11690,9393288
2015-05-11,11845,11900,11715,11720,14746091
2015-05-12,11670,11750,11620,11700,9204285
2015-05-13,11700,11895,11700,11850,11196338
2015-05-14,11810,11900,11770,11880,11156463
2015-05-15,11970,12045,11625,11645,23364489
2015-05-18,11665,11705,11555,11705,10411830
2015-05-19,11700,11870,11625,11800,12500652
2015-05-20,11840,12025,11810,12020,18001006
2015-05-21,12000,12010,11730,11740,14726478
2015-05-22,11790,12060,11790,12045,16940423
2015-05-26,12045,12075,11905,11995,11426925
2015-05-27,11840,11880,11455,11500,29509290
2015-05-28,11600,11660,11500,11500,15868971
2015-05-29,11440,11710,11420,11590,16041951
2015-06-01,11550,11550,11260,11415,17246487
2015-06-02,11380,11475,11135,11190,19328268
2015-06-03,11230,11270,10965,10980,20117604
2015-06-04,11045,11220,10975,11070,19037425
2015-06-05,10950,11135,10940,11030,11097539
2015-06-08,11000,11045,10900,10990,9974067
2015-06-09,10950,11075,10870,10950,14950018
2015-06-10,11035,11075,10795,10825,16877239
2015-06-11,10920,10925,10780,10885,16765428
2015-06-12,10930,11040,10670,10720,20549752
2015-06-15,10600,10730,10530,10670,10452340
2015-06-16,10640,10675,10295,10445,24737635
2015-06-17,10475,10505,10355,10480,10614967
2015-06-18,10590,10690,10465,10550,15991466
2015-06-19,10675,10685,10555,10615,14170940
2015-06-22,10700,10810,10635,10720,13727477
2015-06-23,10850,11025,10775,10990,20540136
2015-06-24,11035,11050,10955,10990,9223095
2015-06-25,10900,11015,10875,10980,10135742
2015-06-26,10890,11040,10805,10980,10626117
2015-06-29,10660,10725,10580,10680,18478112
2015-06-30,10605,10750,10605,10750,10921355
2015-07-01,10740,11045,10700,11025,15085174
2015-07-02,11065,11115,11030,11050,9435379
2015-07-03,11050,11075,10895,10995,10130030
2015-07-06,10740,10850,10425,10440,27724179
2015-07-07,10550,10570,10360,10485,20541720
2015-07-08,10485,10505,10200,10200,24575720
2015-07-09,10050,10330,9945,10330,35886753
2015-07-10,10370,10400,10255,10360,16842468
2015-07-13,10315,10635,10285,10560,23694633
2015-07-14,10620,10620,10395,10465,16663714
2015-07-15,10540,10725,10445,10540,25581621
2015-07-16,10480,10675,10480,10675,16027798
2015-07-17,10785,10805,10500,10565,19267591
2015-07-20,10550,10655,10445,10510,11565031
2015-07-21,10550,10680,10440,10565,19532833
2015-07-22,10440,10500,10300,10355,18893200
2015-07-23,10390,10410,10260,10350,13001510
2015-07-24,10250,10270,10085,10120,20657697
2015-07-27,10030,10200,10000,10175,13813880
2015-07-28,10095,10225,10025,10195,13777308
2015-07-29,10270,10300,10190,10270,13343581
2015-07-30,10295,10320,10095,10095,19334360
2015-07-31,10105,10125,9935,10025,25053446
2015-08-03,10035,10040,9855,9915,16023838
2015-08-04,9910,10010,9895,10010,13493597
2015-08-05,9985,10085,9940,10030,13798564
2015-08-06,10045,10060,9785,9795,25173265
2015-08-07,9725,9775,9655,9745,12836693
2015-08-10,9710,9725,9615,9700,13069487
2015-08-11,9805,9925,9625,9625,23333789
2015-08-12,9570,9660,9365,9495,28150203
2015-08-13,9460,9595,9425,9580,16758835
2015-08-17,9605,9630,9400,9420,12023872
2015-08-18,9490,9510,9380,9390,14550757
2015-08-19,9355,9410,9185,9250,20917838
2015-08-20,9225,9240,9050,9050,20963856
2015-08-21,8750,8830,8615,8765,41525856
2015-08-24,8590,8680,8000,8330,59153134
2015-08-25,8345,8585,8050,8400,47501242
2015-08-26,8310,8765,8215,8715,42764701
2015-08-27,8800,8920,8725,8790,30996118
2015-08-28,8970,9050,8935,9035,25567991
2015-08-31,8970,9050,8900,9050,14131682
2015-09-01,8980,9050,8815,8835,19420868
2015-09-02,8630,8960,8630,8870,25076038
2015-09-03,8960,8995,8855,8905,16804731
2015-09-04,8920,8955,8690,8750,20675100
2015-09-07,8715,8850,8645,8705,16986424
2015-09-08,8745,8780,8640,8750,13772818
2015-09-09,8910,9275,8910,9275,32087134
2015-09-10,9115,9340,9095,9260,32795734
2015-09-11,9195,9335,9165,9165,17015250
2015-09-14,9250,9270,8995,9080,19329819
2015-09-15,9090,9185,9065,9120,16719653
2015-09-16,9250,9660,9245,9545,37025358
2015-09-17,9730,9745,9595,9625,21289105
2015-09-18,9600,9815,9395,9730,29921400
2015-09-21,9530,9580,9345,9420,19480042
2015-09-22,9470,9560,9390,9530,16779429
2015-09-23,9310,9445,9225,9255,24960786
2015-09-24,9320,9345,9200,9240,15496573
2015-09-25,9200,9300,9100,9225,19289155
2015-09-30,8935,9395,8930,9365,21669133
2015-10-01,9355,9675,9305,9560,27054043
2015-10-02,9555,9590,9420,9435,17978298
2015-10-05,9525,9705,9440,9470,25702355
2015-10-06,9680,9740,9615,9645,22525693
2015-10-07,9705,9945,9695,9910,32758539
2015-10-08,10010,10095,9930,10060,28582346
2015-10-12,10135,10300,10110,10185,28494702
2015-10-13,10180,10260,10090,10150,15387849
2015-10-14,10100,10140,9980,10090,18516279
2015-10-15,10065,10390,10065,10330,27303230
2015-10-16,10405,10405,10240,10265,15324187
2015-10-19,10315,10360,10190,10275,17556971
2015-10-20,10250,10370,10225,10345,12814827
2015-10-21,10345,10560,10320,10415,24490666
2015-10-22,10340,10420,10250,10285,14169701
2015-10-23,10495,10610,10420,10445,26679875
2015-10-26,10560,10565,10470,10500,11999893
2015-10-27,10485,10520,10380,10480,11717873
2015-10-28,10500,10505,10335,10480,15031946
2015-10-29,10495,10725,10370,10425,29295602
2015-10-30,10380,10550,10360,10490,16842125
2015-11-02,10455,10525,10400,10485,13652107
2015-11-03,10600,10740,10600,10680,21712820
2015-11-04,10760,10780,10595,10655,18668169
2015-11-05,10600,10665,10530,10650,14815833
2015-11-06,10600,10660,10450,10505,13687815
2015-11-09,10440,10485,10340,10425,11272818
2015-11-10,10295,10300,10100,10115,18448150
2015-11-11,10070,10160,9975,10095,16962668
2015-11-12,10070,10130,10030,10115,10455988
2015-11-13,9900,9965,9850,9850,17727282
2015-11-16,9620,9740,9590,9600,17993778
2015-11-17,9780,9835,9710,9775,13477371
2015-11-18,9735,9810,9705,9725,8961487
2015-11-19,9900,10000,9815,9995,14468022
2015-11-20,10025,10050,9985,10020,7366291
2015-11-23,10060,10185,10050,10150,11453653
2015-11-24,10145,10240,10135,10230,11363870
2015-11-25,10230,10235,10135,10210,7864653
2015-11-26,10245,10470,10225,10455,18176019
2015-11-27,10470,10500,10400,10410,9637871
2015-11-30,10320,10325,9920,10015,24931932
2015-12-01,10080,10340,10075,10310,20650860
2015-12-02,10325,10330,10170,10170,13334492
2015-12-03,10050,10055,9850,9990,23581170
2015-12-04,9790,9880,9750,9785,27584291
2015-12-07,9905,9915,9705,9705,18149258
2015-12-08,9690,9785,9575,9610,17397025
2015-12-09,9605,9670,9575,9610,13270869
2015-12-10,9590,9755,9535,9700,15925336
2015-12-11,9640,9800,9610,9660,16303417
2015-12-14,9490,9525,9365,9500,17970439
2015-12-15,9575,9600,9500,9560,11540650
2015-12-16,9710,9995,9685,9930,32728600
2015-12-17,10040,10080,9855,9915,21178791
2015-12-18,9755,9970,9730,9885,16066820
2015-12-21,9885,10025,9760,9955,17373103
2015-12-22,9915,10015,9825,9995,16503842
2015-12-23,10045,10235,10005,10160,29076210
2015-12-24,10265,10300,10070,10070,18588831
2015-12-28,10065,10100,9790,9790,18991601
2015-12-29,9835,9945,9765,9940,13458692
2015-12-30,10000,10050,9845,9870,12828202
2016-01-04,9810,9815,9470,9490,32089232
2016-01-05,9420,9620,9400,9525,28177379
2016-01-06,9550,9565,9305,9400,30356822
2016-01-07,9340,9430,9175,9225,28134816
2016-01-08,9110,9375,9070,9370,33801647
2016-01-11,9190,9210,9070,9150,30511153
2016-01-12,9240,9275,9050,9100,26151577
2016-01-13,9185,9390,9175,9360,22981637
2016-01-14,9115,9160,9000,9160,46505780
2016-01-15,9305,9350,8885,8970,45422236
2016-01-18,8790,8995,8720,8955,30847951
2016-01-19,8940,9040,8790,9040,28690152
2016-01-20,8965,8980,8535,8620,68849543
2016-01-21,8640,8760,8575,8600,36841981
2016-01-22,8765,8950,8750,8950,42642731
2016-01-25,9045,9160,8955,9070,34533654
2016-01-26,8950,8970,8710,8825,41839309
2016-01-27,8960,9115,8950,9075,40869344
2016-01-28,8945,9130,8865,9110,32749795
2016-01-29,9050,9140,8925,9140,45765542
2016-02-01,9215,9350,9195,9260,36355855
2016-02-02,9185,9265,9120,9140,28267464
2016-02-03,8950,8960,8835,8925,32157771
2016-02-04,9060,9275,9020,9260,40275899
2016-02-05,9205,9355,9205,9300,28122299
2016-02-11,8900,8910,8745,8795,57905692
2016-02-12,8690,8760,8535,8655,43172799
2016-02-15,8830,8935,8795,8890,29147096
2016-02-16,8915,9190,8900,9145,43203507
2016-02-17,9095,9255,9075,9165,33302666
2016-02-18,9390,9410,9305,9325,36953755
2016-02-19,9295,9385,9290,9365,23185652
2016-02-22,9305,9465,9290,9400,26231289
2016-02-23,9485,9500,9350,9400,26421174
2016-02-24,9365,9455,9305,9380,18789295
2016-02-25,9450,9555,9335,9405,33349525
2016-02-26,9500,9535,9415,9435,19769717
2016-02-29,9380,9505,9360,9395,15736184
2016-03-02,9625,9715,9615,9690,37441722
2016-03-03,9735,9755,9695,9750,24484354
2016-03-04,9750,9810,9730,9760,14651658
2016-03-07,9810,9840,9790,9795,13716785
2016-03-08,9830,9830,9590,9645,16079870
2016-03-09,9620,9725,9590,9725,10149219
2016-03-10,9760,9990,9755,9920,31470708
2016-03-11,9895,9995,9890,9950,17749528
2016-03-14,10050,10055,9920,9940,14411185
2016-03-15,9930,9995,9855,9925,12934836
2016-03-16,9970,10065,9925,9985,19138070
2016-03-17,10060,10250,10050,10070,33045690
2016-03-18,10165,10175,10055,10090,10752547
2016-03-21,10160,10220,10005,10080,15023455
2016-03-22,10110,10160,10080,10160,12395250
2016-03-23,10170,10245,10125,10145,13393156
2016-03-24,10080,10160,10015,10090,13415293
2016-03-25,10120,10140,10055,10075,7712962
2016-03-28,10075,10155,10055,10105,11211422
2016-03-29,10110,10230,10100,10185,15884120
2016-03-30,10275,10350,10265,10285,18356698
2016-03-31,10330,10330,10145,10190,13021394
2016-04-01,10180,10190,9910,9910,19096223
2016-04-04,9925,9975,9890,9950,7510848
2016-04-05,9890,9905,9750,9775,14873793
2016-04-06,9790,9910,9770,9880,10587359
2016-04-07,9950,9985,9805,9885,10611177
2016-04-08,9760,9865,9675,9855,16650301
2016-04-11,9835,9890,9760,9870,9625427
2016-04-12,9870,10025,9845,10010,15992694
2016-04-14,10255,10440,10255,10415,37512502
2016-04-15,10415,10475,10390,10410,13020573
2016-04-18,10250,10365,10210,10345,10729688
2016-04-19,10415,10465,10355,10370,11091916
2016-04-20,10415,10505,10300,10300,14880296
2016-04-21,10420,10500,10375,10470,15435134
2016-04-22,10390,10435,10350,10380,10970579
2016-04-25,10380,10395,10280,10340,8416958
2016-04-26,10345,10480,10330,10430,13153281
2016-04-27,10390,10445,10390,10415,6807078
2016-04-28,10495,10500,10200,10200,18157945
2016-04-29,10195,10210,10030,10115,14866594
2016-05-02,10070,10080,9955,9970,11088371
2016-05-03,10060,10060,9975,10030,10080846
2016-05-04,9920,9980,9855,9905,14683846
2016-05-09,9920,9935,9840,9880,8660972
2016-05-10,9830,9970,9825,9970,10118552
2016-05-11,10040,10040,9835,9935,17324591
2016-05-12,9860,9935,9805,9900,16294874
2016-05-13,9865,9890,9700,9725,23102949
2016-05-16,9660,9810,9655,9765,9968773
2016-05-17,9780,9800,9695,9765,12716643
2016-05-18,9710,9715,9540,9640,21216220
2016-05-19,9600,9635,9565,9595,11238631
2016-05-20,9580,9650,9550,9605,9707938
2016-05-23,9625,9680,9500,9660,15164455
2016-05-24,9610,9625,9510,9510,11927439
2016-05-25,9635,9800,9620,9785,17064513
2016-05-26,9790,9835,9730,9755,10378812
2016-05-27,9785,9865,9750,9840,14064342
2016-05-30,9830,9850,9705,9805,12837521
2016-05-31,9790,9950,9695,9925,19357282
2016-06-01,9880,9995,9860,9950,13380923
2016-06-02,9960,10010,9935,10000,9738776
2016-06-03,10035,10060,9980,10025,9524575
2016-06-07,10095,10295,10090,10295,22370606
2016-06-08,10300,10480,10290,10480,20265932
2016-06-09,10465,10595,10375,10455,23755009
2016-06-10,10480,10480,10390,10390,7479833
2016-06-13,10225,10255,9980,9995,16957827
2016-06-14,9935,10000,9840,9920,15996329
2016-06-15,9870,9970,9810,9890,15145314
2016-06-16,9910,9930,9680,9740,25956100
2016-06-17,9860,9950,9760,9785,20738148
2016-06-20,9965,10060,9935,10035,23529691
2016-06-21,10010,10055,9945,10035,17224968
2016-06-22,10040,10200,10000,10160,20431431
2016-06-23,10145,10190,10110,10155,11629269
2016-06-24,10255,10285,9265,9505,97798405
2016-06-27,9440,9570,9360,9570,32670657
2016-06-28,9395,9660,9360,9605,31030402
2016-06-29,9705,9920,9665,9825,38691707
2016-06-30,9935,9950,9820,9915,27569416
2016-07-01,9950,10190,9950,10130,36572778
2016-07-04,10140,10225,10100,10200,16449811
2016-07-05,10175,10200,10110,10165,11645807
2016-07-06,10075,10080,9680,9760,49026566
2016-07-07,9860,10020,9810,9975,30176771
2016-07-08,9930,10025,9835,9880,22805970
2016-07-11,10035,10210,10035,10180,37571816
2016-07-12,10200,10285,10115,10170,24658022
2016-07-13,10320,10405,10230,10305,29089832
2016-07-14,10315,10390,10275,10350,16090227
2016-07-15,10445,10530,10380,10440,23298626
2016-07-18,10465,10535,10445,10490,10811822
2016-07-19,10525,10525,10400,10445,11282136
2016-07-20,10435,10445,10310,10415,10292557
2016-07-21,10500,10515,10395,10435,10141278
2016-07-22,10335,10460,10300,10425,10024872
2016-07-25,10470,10520,10390,10440,12581748
2016-07-26,10415,10625,10390,10615,15813785
2016-07-27,10630,10670,10605,10615,9611261
2016-07-28,10625,10655,10500,10545,10831281
2016-07-29,10545,10675,10520,10550,15501485
2016-08-01,10620,10730,10615,10710,12493352
2016-08-02,10655,10675,10535,10550,9011101
2016-08-03,10420,10420,10270,10300,18918804
2016-08-04,10380,10400,10270,10330,13042268
2016-08-05,10365,10565,10360,10565,16729858
2016-08-08,10680,10745,10595,10700,15463977
2016-08-09,10720,10905,10705,10870,19830333
2016-08-10,10850,10910,10805,10805,12370577
2016-08-11,10805,10840,10740,10835,9252708
2016-08-12,10915,11035,10860,10900,16912741
2016-08-16,10980,11040,10900,10900,9537864
2016-08-17,10850,10910,10785,10870,9795138
2016-08-18,10885,11030,10855,11030,12168153
2016-08-19,11060,11085,11000,11070,12168851
2016-08-22,11045,11060,10940,10955,8191150
2016-08-23,10975,11070,10965,11070,9860349
2016-08-24,11040,11075,10925,10970,8661713
2016-08-25,10940,11035,10885,10975,7979945
2016-08-26,10910,10935,10800,10915,9845876
2016-08-29,10775,10935,10730,10905,8933675
2016-08-30,10970,11120,10970,10995,15053249
2016-08-31,10985,11010,10875,10920,8058033
2016-09-01,10800,10855,10700,10855,13033655
2016-09-02,10875,10905,10820,10905,7809053
2016-09-05,11005,11180,11000,11170,14046381
2016-09-06,11170,11255,11165,11250,8536534
2016-09-07,11265,11370,11200,11200,10723109
2016-09-08,11220,11315,11150,11205,9055405
2016-09-09,11055,11075,10885,10950,17297490
2016-09-12,10580,10650,10400,10400,25078756
2016-09-13,10640,10640,10470,10480,17864986
2016-09-19,10400,10690,10400,10685,11610263
2016-09-20,10600,10720,10585,10710,9907476
2016-09-21,10695,10845,10675,10845,13339677
2016-09-22,10990,11120,10985,11015,20144767
2016-09-23,11085,11090,10985,11010,8481427
2016-09-26,11000,11105,10915,10950,8975984
2016-09-27,10860,11135,10765,11105,17795333
2016-09-28,11085,11100,11010,11035,7099229
2016-09-29,11130,11250,11125,11195,13191573
2016-09-30,11025,11085,10935,10940,11400129
2016-10-04,11055,11135,11030,11070,8378604
2016-10-05,10925,11110,10865,11080,12600832
2016-10-06,11230,11260,11125,11225,12149907
2016-10-07,11215,11245,11140,11140,5258513
2016-10-10,11070,11205,10975,11195,9297628
2016-10-11,11145,11205,10850,10860,29113946
2016-10-12,10745,10885,10720,10860,16636645
2016-10-13,10810,10840,10620,10655,22044213
2016-10-14,10705,10815,10695,10760,13547647
2016-10-17,10780,10860,10605,10795,20152148
2016-10-18,10805,10955,10800,10950,12685579
2016-10-19,10905,11075,10885,10960,16535137
2016-10-20,10995,11075,10970,10985,9933090
2016-10-21,10965,11015,10875,10890,11078488
2016-10-24,10970,11065,10960,11045,15200292
2016-10-25,11025,11055,10965,11005,8885895
2016-10-26,10910,10920,10645,10740,31937842
2016-10-27,10800,10865,10770,10850,15128712
2016-10-28,10800,10905,10800,10840,11647843
2016-10-31,10735,10855,10715,10795,8300529
2016-11-01,10785,10815,10600,10800,21663007
2016-11-02,10650,10685,10520,10535,29135698
2016-11-03,10500,10610,10465,10580,18029027
2016-11-04,10545,10575,10480,10520,11018887
2016-11-07,10680,10760,10645,10710,16003241
2016-11-08,10810,10810,10645,10745,18625527
2016-11-09,10830,10890,10075,10295,92379630
2016-11-10,10590,10730,10530,10700,39321507
2016-11-11,10545,10605,10455,10495,19151265
2016-11-14,10460,10500,10310,10340,21546414
2016-11-15,10310,10375,10255,10255,16555646
2016-11-16,10360,10405,10310,10335,14363178
2016-11-17,10275,10345,10190,10310,15617394
2016-11-18,10365,10370,10225,10320,13486395
2016-11-21,10260,10335,10220,10255,13770656
2016-11-22,10330,10520,10325,10495,18999121
2016-11-23,10505,10650,10470,10565,17722924
2016-11-24,10565,10595,10415,10460,12184217
2016-11-25,10500,10525,10435,10470,9615240
2016-11-28,10475,10560,10350,10535,13635768
2016-11-29,10525,10575,10490,10535,9568808
2016-11-30,10540,10680,10525,10640,18809696
2016-12-01,10650,10690,10605,10650,10958431
2016-12-02,10570,10605,10470,10510,16761747
2016-12-05,10465,10520,10405,10480,10412107
2016-12-06,10600,10765,10600,10715,23814945
2016-12-07,10780,10815,10735,10775,12732162
2016-12-08,10970,11120,10950,11115,40536224
2016-12-09,11120,11165,11085,11145,13632335
2016-12-12,11210,11225,11065,11125,10166769
2016-12-13,11135,11185,11095,11175,7920706
2016-12-14,11260,11320,11175,11195,9783630
2016-12-15,11050,11235,11030,11200,7997965
2016-12-16,11155,11260,11145,11240,7393411
2016-12-19,11180,11285,11180,11245,5242785
2016-12-20,11265,11320,11250,11300,7742021
2016-12-21,11345,11410,11265,11265,9679076
2016-12-22,11290,11310,11235,11255,4539370
2016-12-23,11245,11255,11210,11225,3654174
2016-12-26,11245,11260,11215,11240,3121942
2016-12-27,11255,11295,11245,11260,4873050
2016-12-28,11330,11395,11325,11355,9052346
2016-12-29,11330,11365,11285,11365,4213916
2017-01-02,11365,11500,11285,11440,6384908
2017-01-03,11505,11625,11470,11625,9951600
2017-01-04,11625,11660,11600,11645,6850002
2017-01-05,11635,11655,11575,11580,6167418
2017-01-06,11630,11720,11630,11675,8497670
2017-01-09,11705,11765,11690,11735,5444061
2017-01-10,11670,11740,11650,11705,4836499
2017-01-11,11730,12205,11730,12135,19923850
2017-01-12,12170,12230,12130,12190,9967634
2017-01-13,12150,12180,12110,12130,6881093
2017-01-16,12100,12165,11920,11985,10017067
2017-01-17,12010,12170,12010,12070,8089270
2017-01-18,12070,12130,11895,12060,9685452
2017-01-19,12175,12310,11965,12085,14283320
2017-01-20,11995,12065,11975,12030,5443988
2017-01-23,12005,12100,11885,12010,7092722
2017-01-24,12065,12140,11985,12035,6491743
2017-01-25,12195,12195,12035,12115,7140600
2017-01-26,12200,12375,12135,12320,14001894
2017-01-31,12245,12265,12155,12170,6444635
2017-02-01,12225,12270,12195,12255,5346444
2017-02-02,12245,12390,12115,12140,9824249
2017-02-03,12205,12240,12055,12175,8423080
2017-02-06,12365,12400,12175,12230,9208163
2017-02-07,12260,12265,12150,12180,5979663
2017-02-08,12150,12150,11905,12075,18545100
2017-02-09,12095,12175,12025,12100,7374581
2017-02-10,12210,12265,12140,12155,9279501
2017-02-13,12140,12170,12110,12155,4496442
2017-02-14,12220,12225,12030,12100,8351179
2017-02-15,12070,12205,12030,12165,7464828
2017-02-16,12210,12285,12130,12160,6991959
2017-02-17,12085,12190,12080,12160,4337419
2017-02-20,12190,12235,12145,12235,4655725
2017-02-21,12255,12565,12235,12455,19830751
2017-02-22,12485,12545,12470,12505,6451942
2017-02-23,12505,12535,12465,12510,4189990
2017-02-24,12500,12530,12270,12315,14004349
2017-02-27,12325,12350,12160,12225,8106796
2017-02-28,12230,12305,12205,12255,4970700
2017-03-02,12425,12555,12375,12475,15232931
2017-03-03,12365,12395,12165,12235,18077236
2017-03-06,12140,12290,12110,12270,8098329
2017-03-07,12290,12455,12265,12400,12345935
2017-03-08,12375,12510,12340,12440,10576452
2017-03-09,12450,12490,12375,12385,7486869
2017-03-10,12335,12505,12255,12435,14137377
2017-03-13,12470,12775,12455,12700,19683258
2017-03-14,12780,12935,12780,12920,9638072
2017-03-15,12910,12980,12870,12950,6666284
2017-03-16,13210,13290,13095,13135,11264071
2017-03-17,13150,13290,13125,13265,9649707
2017-03-20,13240,13245,13135,13230,6653296
2017-03-21,13320,13555,13265,13475,14482728
2017-03-22,13280,13380,13240,13370,14537013
2017-03-23,13455,13530,13385,13410,10577550
2017-03-24,13435,13520,13305,13365,10280383
2017-03-27,13255,13320,13150,13195,11166336
2017-03-28,13310,13340,13215,13265,4986058
2017-03-29,13375,13380,13260,13330,5152313
2017-03-30,13350,13445,13260,13310,7542334
2017-03-31,13340,13365,13240,13265,6013342
2017-04-03,13315,13415,13270,13325,5787131
2017-04-04,13295,13340,13200,13255,5519236
2017-04-05,13270,13295,13055,13210,11254856
2017-04-06,13130,13135,12995,13095,10473873
2017-04-07,13150,13160,12960,13065,10755364
2017-04-10,13055,13055,12865,12905,11503366
2017-04-11,12845,12925,12710,12790,10722749
2017-04-12,12795,12820,12740,12805,6510668
2017-04-13,12845,13055,12795,13055,11196857
2017-04-14,12970,13000,12780,12930,9492492
2017-04-17,12960,13095,12940,13000,8344614
2017-04-18,13115,13135,12910,12995,9720904
2017-04-19,12945,13000,12785,12870,10339091
2017-04-20,12810,12975,12765,12955,8504806
2017-04-21,13075,13235,13035,13195,16277750
2017-04-24,13295,13365,13250,13320,9242417
2017-04-25,13340,13615,13335,13600,22960992
2017-04-26,13675,13805,13670,13750,18978351
2017-04-27,13720,13825,13695,13815,9368165
2017-04-28,13865,13960,13815,13825,10921010
2017-05-02,13935,14220,13935,14055,12030316
2017-05-04,14155,14335,14150,14335,10047380
2017-05-08,14410,15080,14370,15070,19000858
2017-05-10,15135,15635,14680,14765,26834728
2017-05-11,14905,15140,14785,15080,20841459
2017-05-12,15100,15130,14905,14940,11608256
2017-05-15,14970,15115,14880,15030,9905119
2017-05-16,15210,15290,14925,15070,18636165
2017-05-17,14965,15100,14915,15040,14058944
2017-05-18,14760,14980,14675,14975,20182756
2017-05-19,14950,15015,14880,14920,10811607
2017-05-22,15100,15170,15000,15135,13404923
2017-05-23,15200,15460,15160,15225,30096461
2017-05-24,15315,15385,15235,15275,11583778
2017-05-25,15400,15640,15330,15635,23288586
2017-05-26,15660,15965,15615,15820,27132907
2017-05-29,15935,16035,15615,15780,30953915
2017-05-30,15765,15805,15410,15575,27495727
2017-05-31,15500,15730,15475,15585,14809923
2017-06-01,15560,15625,15400,15495,15551699
2017-06-02,15600,15890,15600,15875,19925359
2017-06-05,15925,15960,15790,15820,14298678
2017-06-07,15770,15845,15640,15640,12840849
2017-06-08,15680,15785,15500,15775,17072035
2017-06-09,15820,16075,15800,16010,25603484
2017-06-12,15815,15910,15655,15685,22153293
2017-06-13,15705,15905,15705,15895,11538497
2017-06-14,16000,16085,15785,15870,16305955
2017-06-15,15845,15950,15570,15735,25612127
2017-06-16,15750,15815,15675,15755,9000663
2017-06-19,15765,15995,15680,15925,15375512
2017-06-20,16075,16095,15935,15990,15668631
2017-06-21,15815,15865,15690,15795,16189226
2017-06-22,15885,16000,15795,16000,12754249
2017-06-23,15990,16135,15970,16080,17169838
2017-06-26,16105,16275,16090,16250,22701165
2017-06-27,16195,16340,16175,16245,14411535
2017-06-28,16115,16250,16095,16160,10454493
2017-06-29,16315,16465,16315,16360,13387527
2017-06-30,16175,16275,16130,16275,15835757
2017-07-03,16350,16380,16205,16325,10408043
2017-07-04,16355,16385,16115,16160,23907034
2017-07-05,16095,16305,16060,16280,13805051
2017-07-06,16335,16345,16185,16270,8657707
2017-07-07,16140,16240,16065,16155,13227345
2017-07-10,16255,16340,16165,16245,10592665
2017-07-11,16275,16450,16255,16440,18320630
2017-07-12,16425,16500,16400,16420,14408383
2017-07-13,16565,16930,16565,16780,35830764
2017-07-14,16850,16910,16790,16810,9677133
2017-07-17,17020,17050,16895,16960,12274074
2017-07-18,16950,16970,16880,16970,13709972
2017-07-19,17030,17030,16880,16995,13312043
2017-07-20,17090,17205,17000,17170,12197594
2017-07-21,17130,17325,17115,17295,14176976
2017-07-24,17300,17320,17235,17320,11310807
2017-07-25,17320,17345,17145,17215,16556041
2017-07-26,17265,17270,17020,17080,23111898
2017-07-27,17170,17275,17100,17175,12936883
2017-07-28,17050,17055,16490,16515,34557940
2017-07-31,16345,16570,16345,16525,15509075
2017-08-01,16445,16980,16400,16800,16655452
2017-08-02,16905,16985,16845,16870,8546343
2017-08-03,16800,16805,16070,16295,32917200
2017-08-04,16290,16495,16255,16445,14919234
2017-08-07,16485,16645,16420,16465,11244272
2017-08-08,16540,16630,16230,16405,17238500
2017-08-09,16175,16265,15960,16020,17797764
2017-08-10,15905,16020,15620,15855,23895271
2017-08-11,15370,15515,15205,15285,27772327
2017-08-14,15490,15600,15415,15545,14301940
2017-08-16,15815,15885,15685,15720,12515498
2017-08-17,15780,15960,15710,15910,13347967
2017-08-18,15640,15910,15625,15865,10381231
2017-08-21,15940,15950,15765,15810,7852143
2017-08-22,15885,16010,15865,15955,10541036
2017-08-23,16130,16145,15905,15960,9878901
2017-08-24,15985,16180,15985,16100,13101802
2017-08-25,16195,16235,16060,16135,10901734
2017-08-28,16100,16190,15910,15955,12220586
2017-08-29,15775,15860,15405,15860,21930727
2017-08-30,15920,15970,15835,15970,6892533
2017-08-31,15970,16025,15715,15785,10279544
2017-09-01,15880,15915,15655,15755,12020348
2017-09-04,15275,15625,15265,15425,18303292
2017-09-05,15520,15550,15315,15390,11685169
2017-09-06,15350,15370,15235,15320,12933225
2017-09-07,15410,15735,15395,15705,18443658
2017-09-08,15740,15775,15655,15725,7679635
2017-09-11,15835,16120,15835,16000,15320396
2017-09-12,16135,16150,15950,16015,11555621
2017-09-13,16060,16190,15945,16005,13355624
2017-09-14,16045,16155,15965,16155,13887125
2017-09-15,16115,16310,16045,16300,14902234
2017-09-18,16345,16840,16330,16820,26784496
2017-09-19,16820,16875,16775,16795,11070561
2017-09-20,16865,17030,16685,16790,13723770
2017-09-21,16730,16855,16705,16795,10892075
2017-09-22,16755,16870,16510,16585,15832268
2017-09-25,16600,16650,16490,16575,9385105
2017-09-26,16470,16520,16335,16405,13178550
2017-09-27,16430,16430,16310,16340,6478086
2017-09-28,16390,16450,16280,16375,11396220
2017-09-29,16400,16615,16395,16605,10183165
2017-10-10,16930,17365,16920,17205,40447802
2017-10-11,17300,17550,17290,17520,23569419
2017-10-12,17550,17750,17545,17750,24684259
2017-10-13,17730,17810,17670,17715,12252765
2017-10-16,17780,17895,17720,17805,11770279
2017-10-17,17825,17900,17790,17860,11154195
2017-10-18,17810,17940,17755,17830,10232528
2017-10-19,17920,17950,17620,17685,12518525
2017-10-20,17680,17865,17680,17865,6684831
2017-10-23,17980,18030,17855,17955,10437500
2017-10-24,17925,18000,17910,17940,6489139
2017-10-25,17975,17995,17805,17930,9793889
2017-10-26,17895,17935,17700,17700,7872512
2017-10-27,17735,17975,17675,17925,10223450
2017-10-30,18100,18130,17980,18015,8176153
2017-10-31,18040,18455,17975,18405,16874801
2017-11-01,18580,18965,18560,18965,22356337
2017-11-02,18980,19020,18770,18860,12866372
2017-11-03,18965,19030,18695,18960,14365863
2017-11-06,18925,18980,18505,18790,19903767
2017-11-07,18805,18920,18700,18745,14558853
2017-11-08,18585,18990,18540,18875,14595328
2017-11-09,18950,18965,18570,18780,15097663
2017-11-10,18580,18730,18520,18635,9614641
2017-11-13,18660,18805,18430,18480,12222587
2017-11-14,18480,18525,18360,18425,9655036
2017-11-15,18370,18385,18165,18255,10529989
2017-11-16,18300,18520,18225,18470,8776308
2017-11-17,18640,18875,18460,18460,16710264
2017-11-20,18490,18550,18220,18280,8613599
2017-11-21,18400,18505,18285,18385,6320868
2017-11-22,18595,18750,18475,18560,10104304
2017-11-23,18610,18615,18430,18485,5012206
2017-11-24,18510,18550,18395,18550,4893586
2017-11-27,18595,18600,17900,17920,17423061
2017-11-28,17930,18120,17825,18035,8353695
2017-11-29,18100,18210,17985,18035,6335441
2017-11-30,17790,17910,17395,17395,15334329
2017-12-01,17550,17580,17345,17425,10737171
2017-12-04,17550,17750,17400,17750,8350341
2017-12-05,17610,17955,17530,17875,9405393
2017-12-06,17890,17905,17370,17370,9723406
2017-12-07,17445,17470,17135,17265,10556408
2017-12-08,17365,17445,17230,17335,7525011
2017-12-11,17395,17425,17225,17380,6083153
2017-12-12,17400,17405,17205,17250,6302026
2017-12-13,17300,17555,17215,17500,7742364
2017-12-14,17575,18010,17550,17610,13202157
2017-12-15,17710,17785,17455,17520,8021471
2017-12-18,17580,17630,17485,17585,5357833
2017-12-19,17685,17885,17500,17585,8433845
2017-12-20,17500,17670,17490,17520,4552535
2017-12-21,17430,17485,16840,16840,15979013
2017-12-22,16930,17050,16820,16985,8355807
2017-12-26,17050,17245,16850,16850,11265402
2017-12-27,16960,17210,16890,17200,8424247
2017-12-28,17225,17650,17220,17650,10110980
2018-01-02,17730,17880,17655,17800,7913541
2018-01-03,17930,18055,17860,17925,7838943
2018-01-04,18125,18150,17645,17665,12928940
2018-01-05,17750,18110,17750,18110,9481613
2018-01-08,18280,18440,18085,18360,15383829
2018-01-09,18295,18525,18090,18255,12909095
2018-01-10,18345,18360,17940,17990,10290704
2018-01-11,17950,18020,17725,17815,10105372
2018-01-12,17930,17970,17635,17890,11544928
2018-01-15,18060,18130,17850,17955,8489742
2018-01-16,17940,18295,17880,18250,10192757
2018-01-17,18160,18255,18035,18145,8119894
2018-01-18,18335,18440,18100,18140,11372208
2018-01-19,18195,18280,18105,18175,5732070
2018-01-22,18120,18135,17650,17805,11511571
2018-01-23,17950,18295,17920,18295,10238049
2018-01-24,18260,18515,18260,18355,10660803
2018-01-25,18295,18720,18285,18690,19058352
2018-01-26,18655,18805,18565,18805,10316275
2018-01-29,18975,19240,18975,19095,21863999
2018-01-30,19005,19105,18595,18605,14410796
2018-01-31,18430,19135,18425,18680,20387453
2018-02-01,18735,18825,18540,18610,11695148
2018-02-02,18505,18540,17815,17905,28679117
2018-02-05,17410,17595,17225,17495,22071553
2018-02-06,16805,17045,16340,16945,41553240
2018-02-07,17215,17295,16110,16120,32122967
2018-02-08,16170,16505,16035,16370,26091147
2018-02-09,15320,15665,15275,15540,30251675
2018-02-12,15720,16000,15540,15870,18267176
2018-02-13,16100,16465,15950,16120,24014804
2018-02-14,16300,16595,16300,16505,13907470
2018-02-19,16905,16965,16505,16700,18754612
2018-02-20,16575,16605,16240,16270,12291940
2018-02-21,16320,16530,16090,16475,12357472
2018-02-22,16285,16350,16110,16265,9026019
2018-02-23,16370,16740,16370,16740,13381348
2018-02-26,16865,16920,16665,16785,10400985
2018-02-27,16970,17140,16710,16710,13408874
2018-02-28,16610,16755,16275,16290,13204995
2018-03-02,15945,16010,15670,15855,23767405
2018-03-05,15775,15865,15405,15425,19884736
2018-03-06,15730,16055,15675,16045,14334983
2018-03-07,16100,16400,15885,16070,18816781
2018-03-08,16315,16390,16120,16390,12631481
2018-03-09,16555,17050,16450,16765,27145068
2018-03-12,17105,17195,16950,17080,17628997
2018-03-13,17070,17255,17020,17255,14802994
2018-03-14,17000,17220,17000,17215,12442515
2018-03-15,17240,17360,16975,17335,17378534
2018-03-16,17280,17350,17025,17255,16031335
2018-03-19,17250,17275,16955,17015,14679351
2018-03-20,16785,17165,16755,17165,11253365
2018-03-21,17185,17295,17135,17190,9529620
2018-03-22,17240,17515,17190,17335,19855893
2018-03-23,16605,16695,16080,16150,30572550
2018-03-26,16115,16425,15905,16425,19223840
2018-03-27,16625,16695,16490,16585,15096313
2018-03-28,16230,16245,15965,16140,23952244
2018-03-29,16185,16460,16060,16430,17452034
2018-03-30,16595,16715,16500,16500,12909484
2018-04-02,16505,16735,16390,16435,12302595
2018-04-03,16125,16330,16005,16330,14059051
2018-04-04,16365,16380,15790,15825,20684006
2018-04-05,16080,16415,16010,16300,19649364
2018-04-06,16085,16195,15930,16130,14362073
2018-04-09,16050,16375,16045,16335,12511200
2018-04-10,16200,16460,15930,16375,23396384
2018-04-11,16440,16495,16230,16265,12644161
2018-04-12,16370,16445,16265,16275,12307557
2018-04-13,16410,16505,16300,16455,12818779
2018-04-16,16580,16615,16390,16475,10248810
2018-04-17,16505,16610,16385,16445,10603978
2018-04-18,16625,16910,16625,16800,21005075
2018-04-19,16885,17045,16840,16985,12575783
2018-04-20,16805,16905,16710,16750,9784606
2018-04-23,16690,16805,16625,16730,7834611
2018-04-24,16785,16800,16400,16570,13374116
2018-04-25,16320,16385,16180,16335,14146709
2018-04-26,16440,16865,16420,16760,16365743
2018-04-27,17040,17265,16915,17055,21488092
2018-04-30,17185,17255,17085,17200,10358560
2018-05-02,17150,17190,16945,16985,7752917
2018-05-03,16910,16990,16765,16895,7740451
2018-05-04,16875,16935,16625,16640,13414217
2018-05-08,16770,16845,16430,16490,8314664
2018-05-09,16490,16535,16180,16405,11686025
2018-05-10,16545,16645,16455,16595,8334275
2018-05-11,16750,16915,16720,16790,9357892
2018-05-14,16855,16890,16665,16705,6692844
2018-05-15,16675,16760,16370,16430,10163697
2018-05-16,16280,16595,16260,16535,7163335
2018-05-17,16630,16720,16380,16380,6313112
2018-05-18,16450,16500,16380,16490,5328826
2018-05-21,16530,16635,16260,16555,9495567
2018-05-23,16525,16790,16490,16760,10853964
2018-05-24,16805,16840,16565,16650,9254386
2018-05-25,16490,16780,16475,16715,11110059
2018-05-28,16800,16885,16765,16855,9472023
2018-05-29,16810,16845,16525,16535,11250678
2018-05-30,16400,16405,15640,15825,40059396
2018-05-31,16015,16015,15825,15955,13258712
2018-06-01,15905,16255,15835,16125,12967452
2018-06-04,16180,16380,16155,16320,11370512
2018-06-05,16340,16400,16120,16395,11341471
2018-06-07,16505,16760,16505,16660,18502677
2018-06-08,16570,16605,16305,16335,10359368
2018-06-11,16390,16610,16315,16600,11429555
2018-06-12,16670,16735,16515,16565,12875868
2018-06-14,16370,16380,15960,16020,22126084
2018-06-15,16140,16140,15800,15800,17973224
2018-06-18,15835,15840,15280,15420,16309260
2018-06-19,15365,15440,14940,15020,15055748
2018-06-20,15105,15405,15040,15270,14804687
2018-06-21,15210,15330,14945,14955,11761176
2018-06-22,14730,15180,14685,15180,18975520
2018-06-25,15150,15250,14875,15200,12356283
2018-06-26,14900,15215,14800,15160,15817615
2018-06-27,15075,15230,15010,15050,11229818
2018-06-28,14930,15010,14685,14750,14343824
2018-06-29,14805,14905,14485,14815,15348211
2018-07-02,14780,14865,14160,14175,17360237
2018-07-03,14370,14375,13995,14215,20436233
2018-07-04,14195,14340,14085,14130,11472976
2018-07-05,14110,14245,13890,14050,14395800
2018-07-06,14020,14380,13930,14240,19733034
2018-07-09,14255,14560,14160,14455,12575030
2018-07-10,14575,14680,14485,14510,9934214
2018-07-11,14280,14415,14060,14340,14236717
2018-07-12,14400,14575,14275,14435,9209230
2018-07-13,14470,14800,14455,14725,16363186
2018-07-16,14750,14825,14605,14630,6936472
2018-07-17,14625,14700,14455,14595,10699563
2018-07-18,14750,14880,14490,14520,9727539
2018-07-19,14640,14680,14430,14470,8268779
2018-07-20,14475,14635,14295,14595,12743940
2018-07-23,14580,14585,14305,14365,11340298
2018-07-24,14395,14495,14245,14450,8360224
2018-07-25,14490,14615,14360,14390,9281661
2018-07-26,14545,14700,14425,14560,12782208
2018-07-27,14630,14650,14525,14650,7204660
2018-07-30,14595,14675,14475,14590,7518830
2018-07-31,14590,14650,14515,14635,5529453
2018-08-01,14700,14850,14675,14740,8525754
2018-08-02,14710,14735,14170,14225,15608656
2018-08-03,14300,14440,14215,14420,8920091
2018-08-06,14445,14595,14385,14395,6699977
2018-08-07,14430,14585,14305,14585,9580043
2018-08-08,14625,14695,14540,14575,5878581
2018-08-09,14580,14610,14440,14570,7083925
2018-08-10,14500,14500,14185,14245,11916830
2018-08-13,14050,14085,13720,13880,13975483
2018-08-14,13870,14035,13865,14005,8612405
2018-08-16,13635,13795,13455,13720,14520869
2018-08-17,13725,13795,13655,13715,9173633
2018-08-20,13820,13955,13700,13740,9009074
2018-08-21,13735,14070,13670,14035,10536181
2018-08-22,14090,14210,14020,14140,8173202
2018-08-23,14250,14280,14095,14245,5854288
2018-08-24,14165,14425,14095,14370,7342077
2018-08-27,14490,14560,14375,14515,8530454
2018-08-28,14670,14710,14520,14535,9306227
2018-08-29,14570,14650,14520,14605,5558089
2018-08-30,14640,14795,14550,14630,9457919
2018-08-31,14480,14750,14435,14735,7816640
2018-09-03,14705,14725,14520,14555,5716001
2018-09-04,14585,14715,14505,14700,8347771
2018-09-05,14590,14645,14260,14310,7764542
2018-09-06,14265,14395,14195,14255,6008621
2018-09-07,14080,14205,13905,14105,12430836
2018-09-10,14080,14215,14055,14155,5758395
2018-09-11,14150,14270,13980,14080,7412542
2018-09-12,14100,14140,13920,14040,7414735
2018-09-13,14070,14150,14020,14085,7806453
2018-09-14,14265,14560,14265,14535,12813599
2018-09-17,14455,14465,14220,14295,8303193
2018-09-18,14090,14445,14085,14430,9562946
2018-09-19,14530,14545,14335,14440,6290217
2018-09-20,14525,14825,14490,14700,14239966
2018-09-21,14780,14830,14690,14830,7636083
2018-09-27,14750,15100,14750,15055,11365049
2018-09-28,15065,15085,14855,14885,5651706
2018-10-01,14940,15005,14750,14845,7829404
2018-10-02,14810,14915,14470,14480,10089960
2018-10-04,14520,14520,13980,14015,13723801
2018-10-05,13975,14085,13800,13980,13466608
2018-10-08,13845,14055,13840,13860,10823033
2018-10-10,13870,13915,13565,13670,12186422
2018-10-11,13000,13145,12500,12550,32570741
2018-10-12,12595,12975,12475,12810,25216506
2018-10-15,12720,12755,12555,12605,15948208
2018-10-16,12720,12815,12515,12555,13467149
2018-10-17,12850,13025,12765,12870,15985338
2018-10-18,12775,12850,12620,12630,10121412
2018-10-19,12450,12765,12305,12730,17571655
2018-10-22,12550,12855,12500,12795,12020968
2018-10-23,12595,12630,12035,12185,23408737
2018-10-24,12355,12355,12025,12070,15936632
2018-10-25,11510,11700,11335,11700,26366500
2018-10-26,11725,11740,11110,11320,32423422
2018-10-29,11420,11550,11090,11110,28528417
2018-10-30,11050,11475,11015,11310,24615699
2018-10-31,11360,11470,11160,11365,19632804
2018-11-01,11410,11665,11290,11295,23129852
2018-11-02,11565,12155,11540,12115,27541346
2018-11-05,11940,11970,11600,11880,22014674
2018-11-06,11985,12070,11780,12020,17157287
2018-11-07,12015,12250,11860,11920,21752053
2018-11-08,12285,12440,12125,12125,17901338
2018-11-09,12080,12200,11960,11975,13334668
2018-11-12,11790,12085,11750,12040,8882387
2018-11-13,11655,11880,11435,11855,18479527
2018-11-14,11865,11895,11715,11785,10802645
2018-11-15,11740,12055,11685,12025,12736739
2018-11-16,12135,12185,11975,12005,17197289
2018-11-19,12060,12245,11980,12090,14791674
2018-11-20,11795,11960,11775,11850,10451611
2018-11-21,11560,11765,11475,11750,13970575
2018-11-22,11740,11810,11665,11710,8190994
2018-11-23,11700,11765,11460,11550,11347857
2018-11-26,11600,11890,11590,11880,10241365
2018-11-27,11970,12100,11820,12060,11699616
2018-11-28,12125,12205,12015,12190,10498705
2018-11-29,12515,12575,12190,12245,15889216
2018-11-30,12290,12345,11955,12020,9891194
2018-12-03,12355,12500,12205,12435,20340679
2018-12-04,12340,12365,12035,12150,15657331
2018-12-05,11820,12100,11820,12000,11921764
2018-12-06,11885,11895,11600,11645,14621782
2018-12-07,11755,11835,11630,11740,10691982
2018-12-10,11425,11550,11340,11485,13150852
2018-12-11,11545,11555,11370,11430,8685710
2018-12-12,11520,11770,11485,11750,9478358
2018-12-13,11760,11950,11700,11875,12930546
2018-12-14,11840,11860,11360,11475,15360629
2018-12-17,11480,11625,11480,11555,10758771
2018-12-18,11365,11585,11365,11465,10051402
2018-12-19,11510,11640,11470,11625,7665210
2018-12-20,11485,11525,11260,11375,19966374
2018-12-21,11330,11405,11275,11370,11453969
2018-12-24,11310,11370,11225,11360,8095471
2018-12-26,11065,11200,10915,11030,19752377
2018-12-27,11405,11430,11280,11340,14035695
2018-12-28,11375,11530,11370,11445,11648225
2019-01-02,11605,11645,11095,11160,16302134
2019-01-03,11135,11180,10915,10935,17210783
2019-01-04,10910,11130,10865,11115,14075987
2019-01-07,11385,11590,11370,11445,22304129
2019-01-08,11440,11515,11270,11270,14168806
2019-01-09,11370,11825,11365,11735,23324011
2019-01-10,11760,11880,11675,11740,15103253
2019-01-11,11850,11955,11765,11910,14712308
2019-01-14,11835,11865,11660,11685,9103419
2019-01-15,11760,12170,11750,12150,18223243
2019-01-16,12150,12265,12070,12255,12107461
2019-01-17,12310,12420,12215,12310,18123619
2019-01-18,12410,12515,12380,12505,16177085
2019-01-21,12650,12670,12365,12515,13571903
2019-01-22,12535,12580,12290,12380,12027386
2019-01-23,12285,12575,12265,12515,12181810
2019-01-24,12515,12730,12480,12720,16288675
2019-01-25,12795,13230,12770,13210,22737947
2019-01-28,13235,13380,13110,13195,17036037
2019-01-29,13140,13320,13030,13320,12898885
2019-01-30,13345,13660,13280,13660,19102020
2019-01-31,13910,13925,13615,13625,18513817
2019-02-01,13720,13845,13555,13565,15800938
2019-02-07,13755,13770,13500,13570,14400745
2019-02-08,13410,13445,13135,13195,15284442
2019-02-11,13195,13215,13050,13210,10440366
2019-02-12,13220,13440,13185,13390,11565292
2019-02-13,13510,13545,13425,13505,11762469
2019-02-14,13405,13750,13295,13750,13918173
2019-02-15,13635,13645,13300,13400,15706219
2019-02-18,13550,13700,13485,13605,14219313
2019-02-19,13560,13615,13320,13475,17224875
2019-02-20,13610,13900,13585,13795,18596821
2019-02-21,13715,13900,13590,13790,17299491
2019-02-22,13710,13810,13645,13810,11612693
2019-02-25,13930,14005,13765,13860,14862011
2019-02-26,13855,13880,13700,13755,13874831
2019-02-27,13850,13910,13785,13860,11349331
2019-02-28,13805,13840,13390,13390,20569012
2019-03-04,13565,13655,13235,13260,16370513
2019-03-05,13150,13185,12965,13050,13469885
2019-03-06,13045,13045,12915,12980,10128806
2019-03-07,12965,13095,12795,12895,11282966
2019-03-08,12750,12810,12545,12550,13089002
2019-03-11,12590,12630,12460,12550,9341465
2019-03-12,12735,12860,12735,12815,11905467
2019-03-13,12725,12730,12440,12615,14721022
2019-03-14,12695,12765,12525,12700,15289581
2019-03-15,12635,13065,12630,12975,18051595
2019-03-18,13045,13080,12935,12995,9395747
2019-03-19,13035,13045,12880,12985,9078548
2019-03-20,12930,13010,12670,13010,15894190
2019-03-21,13055,13395,13045,13180,25798238
2019-03-22,13300,13385,13180,13245,14087999
2019-03-25,12895,12925,12710,12710,15855015
2019-03-26,12800,12820,12700,12725,9916790
2019-03-27,12715,12805,12505,12735,16273833
2019-03-28,12550,12670,12460,12565,13775542
2019-03-29,12610,12730,12525,12680,13862178
2019-04-01,12825,13095,12820,13060,12828161
2019-04-02,13125,13235,13110,13160,11332395
2019-04-03,13180,13555,13130,13555,17311511
2019-04-04,13530,13765,13510,13595,15843186
2019-04-05,13600,13730,13570,13650,12025068
2019-04-08,13765,13775,13500,13580,12400907
2019-04-09,13615,13760,13520,13635,11306664
2019-04-10,13500,13770,13500,13760,9815207
2019-04-11,13785,13830,13615,13705,13997382
2019-04-12,13670,13830,13555,13765,13140816
2019-04-15,13865,14020,13860,13885,17461418
2019-04-16,13840,14015,13825,14005,10164905
2019-04-17,14005,14055,13940,13980,11701232
2019-04-18,14010,14030,13490,13530,18135030
2019-04-19,13625,13690,13525,13535,10175735
2019-04-22,13565,13695,13405,13520,13435849
2019-04-23,13530,13620,13480,13580,8728964
2019-04-24,13685,13705,13145,13285,25813300
2019-04-25,13280,13365,13165,13240,10632738
2019-04-26,13100,13185,12940,13075,14872469
2019-04-29,13175,13595,13130,13595,15858317
2019-04-30,13560,13580,13200,13415,19659398
2019-05-02,13270,13605,13225,13530,14302649
2019-05-03,13485,13500,13240,13295,15460211
2019-05-07,13005,13095,12820,13070,22571224
2019-05-08,12750,13100,12715,12950,15760878
2019-05-09,12850,12890,12140,12210,35934867
2019-05-10,12275,12405,11990,12225,37013993
2019-05-13,12010,12145,11900,11930,21058575
2019-05-14,11705,12055,11655,11900,25217998
2019-05-15,11925,12095,11790,12000,20912109
2019-05-16,12005,12005,11615,11675,26398132
2019-05-17,11800,11840,11480,11515,21208138
2019-05-20,11630,11800,11530,11565,20961949
2019-05-21,11585,11880,11550,11690,22802034
2019-05-22,11760,11790,11480,11720,26034291
2019-05-23,11720,11745,11525,11685,20535742
2019-05-24,11585,11680,11410,11525,24061676
2019-05-27,11495,11640,11415,11540,19285851
2019-05-28,11520,11655,11430,11575,20790693
2019-05-29,11480,11510,11150,11240,35990405
2019-05-30,11280,11470,11275,11455,22366574
2019-05-31,11400,11565,11270,11405,26228590
2019-06-03,11340,11825,11290,11800,26104266
2019-06-04,11770,11835,11695,11755,16680875
2019-06-05,11955,12025,11750,11775,21023334
2019-06-07,11800,11970,11630,11790,25882835
2019-06-10,11950,12170,11845,12125,28882750
2019-06-11,12090,12285,12050,12255,19808208
2019-06-12,12240,12330,12160,12170,14085240
2019-06-13,12130,12185,11805,11985,31324042
2019-06-14,12000,12105,11845,11975,17509413
2019-06-17,11945,12110,11905,11985,15732808
2019-06-18,11960,12140,11945,12095,14915412
2019-06-19,12355,12465,12335,12420,22536825
2019-06-20,12435,12510,12375,12500,14276631
2019-06-21,12530,12530,12385,12430,14958069
2019-06-24,12475,12560,12425,12460,14749586
2019-06-25,12460,12585,12335,12430,16685609
2019-06-26,12390,12515,12380,12455,12657234
2019-06-27,12505,12800,12475,12750,18958299
2019-06-28,12745,12800,12630,12695,9837833
2019-07-01,12900,12945,12660,12710,18728909
2019-07-02,12575,12700,12450,12550,17382884
2019-07-03,12530,12610,12180,12220,26385093
2019-07-04,12260,12430,12190,12420,17699595
2019-07-05,12450,12490,12240,12405,17774649
2019-07-08,12195,12195,11860,11875,26500612
2019-07-09,11945,12020,11815,11815,19656560
2019-07-10,11945,12025,11900,11920,14590336
2019-07-11,12025,12275,12025,12215,19635492
2019-07-12,12210,12295,12120,12260,10668092
2019-07-15,12200,12295,12100,12235,12409281
2019-07-16,12235,12400,12195,12360,15810918
2019-07-17,12230,12235,12040,12110,14866421
2019-07-18,12035,12150,11975,12055,15497387
2019-07-19,12170,12460,12170,12410,21042474
2019-07-22,12315,12475,12300,12395,11010996
2019-07-23,12450,12590,12405,12520,14903648
2019-07-24,12475,12575,12235,12275,16295473
2019-07-25,12360,12385,12100,12235,17733567
2019-07-26,12120,12190,12055,12170,12518707
2019-07-29,12165,12165,11745,11810,26694959
2019-07-30,11860,11960,11840,11890,12413574
2019-07-31,11880,11920,11560,11675,22546568
2019-08-01,11520,11750,11485,11615,15120977
2019-08-02,11400,11425,11250,11375,23074208
2019-08-05,11250,11250,10835,10885,32773134
2019-08-06,10435,10850,10340,10580,46079984
2019-08-07,10615,10670,10365,10440,24959487
2019-08-08,10620,10705,10460,10540,29042924
2019-08-09,10685,10760,10630,10690,19281300
2019-08-12,10690,10775,10615,10710,12307424
2019-08-13,10540,10620,10475,10495,17820120
2019-08-14,10720,10815,10630,10650,20609720
2019-08-16,10450,10555,10380,10555,20085781
2019-08-19,10665,10730,10605,10705,12371244
2019-08-20,10700,10955,10650,10920,21866879
2019-08-21,10865,11030,10860,10955,14903303
2019-08-22,10950,10965,10760,10780,18954833
2019-08-23,10650,10810,10645,10765,13498069
2019-08-26,10400,10495,10320,10455,17448103
2019-08-27,10525,10645,10465,10510,12460938
2019-08-28,10590,10725,10535,10705,13571673
2019-08-29,10760,10760,10540,10595,20748253
2019-08-30,10750,11030,10750,10970,19355214
2019-09-02,10895,11040,10890,10980,9076253
2019-09-03,10925,11040,10855,10905,12843933
2019-09-04,10890,11210,10860,11210,16709909
2019-09-05,11245,11570,11240,11420,26578849
2019-09-06,11560,11590,11460,11520,13851736
2019-09-09,11600,11800,11555,11685,19696730
2019-09-10,11715,11825,11685,11805,15316182
2019-09-11,11900,12020,11880,11970,18599663
2019-09-16,12080,12080,11885,12055,17063649
2019-09-17,12025,12100,11975,12060,10760241
2019-09-18,12100,12230,12000,12195,13819710
2019-09-19,12180,12450,12160,12350,18857312
2019-09-20,12340,12505,12305,12470,13411075
2019-09-23,12435,12530,12410,12485,13250637
2019-09-24,12480,12645,12410,12645,17190475
2019-09-25,12495,12555,12280,12295,14164961
2019-09-26,12390,12480,12220,12330,13103094
2019-09-27,12280,12280,11995,12080,12341070
2019-09-30,12005,12300,11965,12255,14247583
2019-10-01,12245,12445,12215,12350,13615694
2019-10-02,12150,12160,11815,11815,18828245
2019-10-04,11755,11955,11720,11720,19074976
2019-10-07,11860,11915,11675,11755,16060497
2019-10-08,11790,12095,11790,12070,21136026
2019-10-10,11840,11995,11590,11900,32348608
2019-10-11,12135,12165,11995,12065,21600380
2019-10-14,12345,12435,12300,12320,17085213
2019-10-15,12295,12385,12275,12340,13136007
2019-10-16,12495,12610,12405,12485,20216119
2019-10-17,12525,12535,12355,12400,10130590
2019-10-18,12450,12560,12150,12160,16040085
2019-10-21,12200,12300,12185,12285,9240835
2019-10-22,12425,12660,12395,12625,17336459
2019-10-23,12570,12605,12420,12470,11377061
2019-10-24,12580,12610,12325,12540,15204678
2019-10-25,12605,12625,12440,12555,10825206
2019-10-28,12670,12765,12585,12635,11796892
2019-10-29,12740,12780,12550,12590,13566288
2019-10-30,12610,12625,12365,12390,13971218
2019-10-31,12530,12730,12450,12470,16166499
2019-11-01,12470,12670,12415,12665,10318602
2019-11-04,12800,13060,12800,13050,17094394
2019-11-05,13080,13235,13040,13210,15246844
2019-11-06,13220,13400,13175,13225,19255550
2019-11-07,13185,13265,13100,13195,10729631
2019-11-08,13345,13380,13075,13100,14478508
2019-11-11,13110,13110,12855,12880,10990680
2019-11-12,12980,13145,12895,13140,9551978
2019-11-13,13055,13055,12855,12910,13937695
2019-11-14,12940,13100,12910,13100,12975608
2019-11-15,13180,13520,13115,13480,22993642
2019-11-18,13510,13510,13375,13455,11366122
2019-11-19,13315,13380,13150,13340,16348186
2019-11-20,13205,13275,12990,13015,14188155
2019-11-21,12960,12995,12545,12610,23528284
2019-11-22,12650,12780,12625,12740,10989342
2019-11-25,12875,13105,12875,13015,13123270
2019-11-26,13095,13235,13020,13025,20976137
2019-11-27,13100,13190,12915,13040,12329260
2019-11-28,12900,13030,12865,12925,8720603
2019-11-29,12970,13015,12455,12470,21332558
2019-12-02,12630,12720,12535,12575,11259136
2019-12-03,12335,12470,12225,12440,15083737
2019-12-04,12260,12305,12125,12255,16391520
2019-12-05,12390,12465,12115,12220,17344067
2019-12-06,12305,12515,12305,12480,13758595
2019-12-09,12580,12655,12505,12605,11181598
2019-12-10,12550,12735,12490,12730,10713113
2019-12-11,12700,12855,12640,12830,14309724
2019-12-12,12950,13265,12915,13265,17018885
2019-12-13,13570,13725,13560,13720,22113574
2019-12-16,13685,13785,13675,13690,15927755
2019-12-17,13800,14105,13745,14065,22756663
2019-12-18,14090,14230,13990,14050,15466984
2019-12-19,14165,14225,13955,14080,13986524
2019-12-20,14190,14210,14050,14145,12985650
2019-12-23,14255,14270,14050,14125,10422755
2019-12-24,14145,14165,13925,13930,8808411
2019-12-26,13940,14125,13845,14045,9833293
2019-12-27,14175,14700,14135,14485,25871608
2019-12-30,14470,14555,14400,14425,7844724
