Date,Gold
2007-01-02,635.2
2007-01-03,627.1
2007-01-04,623.9
2007-01-05,604.9
2007-01-08,607.5
2007-01-09,613.1
2007-01-10,611.6
2007-01-11,612.4
2007-01-12,625.5
2007-01-16,624.6
2007-01-17,632.1
2007-01-18,627.1
2007-01-19,635.5
2007-01-22,633.3
2007-01-23,645.2
2007-01-24,647.6
2007-01-25,647.8
2007-01-26,644.5
2007-01-29,643.1
2007-01-30,644.2
2007-01-31,652
2007-02-01,657.4
2007-02-02,646.2
2007-02-05,650.9
2007-02-06,653.6
2007-02-07,652.3
2007-02-08,658
2007-02-09,667.5
2007-02-12,662.6
2007-02-13,663.9
2007-02-14,667.4
2007-02-15,667.3
2007-02-16,668.8
2007-02-20,657.1
2007-02-21,680.2
2007-02-22,679.4
2007-02-23,683.1
2007-02-26,686.5
2007-02-27,683.9
2007-02-28,669.4
2007-03-01,662.3
2007-03-02,641.5
2007-03-05,636.7
2007-03-06,643.8
2007-03-07,650.6
2007-03-08,653.4
2007-03-09,650
2007-03-12,648.4
2007-03-13,647.6
2007-03-14,640.9
2007-03-15,645.7
2007-03-16,652.6
2007-03-19,653.1
2007-03-20,657.9
2007-03-21,659
2007-03-22,663.4
2007-03-23,656.7
2007-03-26,663.4
2007-03-27,662.1
2007-03-28,666.5
2007-03-29,661.5
2007-03-30,663
2007-04-02,665.7
2007-04-03,664
2007-04-04,672.1
2007-04-05,674.2
2007-04-09,671.9
2007-04-10,676.5
2007-04-11,676.8
2007-04-12,675.1
2007-04-13,685.4
2007-04-16,690.1
2007-04-17,688.2
2007-04-18,689.1
2007-04-19,684.3
2007-04-20,692
2007-04-23,690.6
2007-04-24,684.2
2007-04-25,684.1
2007-04-26,674.9
2007-04-27,678.7
2007-04-30,680.5
2007-05-01,674.4
2007-05-02,672.3
2007-05-03,681.8
2007-05-04,687.2
2007-05-07,688
2007-05-08,685.1
2007-05-09,680.3
2007-05-10,665.1
2007-05-11,670.6
2007-05-14,668.5
2007-05-15,673
2007-05-16,660.2
2007-05-17,656.2
2007-05-18,661
2007-05-21,662.9
2007-05-22,659.1
2007-05-23,661.9
2007-05-24,653
2007-05-25,655.1
2007-05-29,657.1
2007-05-30,653.1
2007-05-31,661
2007-06-01,671.2
2007-06-04,670.7
2007-06-05,669.6
2007-06-06,669.3
2007-06-07,660.1
2007-06-08,645.5
2007-06-11,654.3
2007-06-12,648.5
2007-06-13,648.2
2007-06-14,651.6
2007-06-15,654.5
2007-06-18,655.8
2007-06-19,660.7
2007-06-20,656.1
2007-06-21,650.6
2007-06-22,653.5
2007-06-25,651.3
2007-06-26,642.1
2007-06-27,641.7
2007-06-28,647.5
2007-06-29,648.1
2007-07-02,656.5
2007-07-03,652.9
2007-07-05,648.4
2007-07-06,652.7
2007-07-09,660.5
2007-07-10,662.5
2007-07-11,660.3
2007-07-12,666.7
2007-07-13,665.8
2007-07-16,665
2007-07-17,664.7
2007-07-18,672.6
2007-07-19,677.2
2007-07-20,683.9
2007-07-23,680.8
2007-07-24,684.2
2007-07-25,673.3
2007-07-26,662.5
2007-07-27,660
2007-07-30,664.1
2007-07-31,666.9
2007-08-01,663.6
2007-08-02,664.6
2007-08-03,672.5
2007-08-06,671.5
2007-08-07,670.6
2007-08-08,674.5
2007-08-09,661.4
2007-08-10,670.3
2007-08-13,669.7
2007-08-14,668.6
2007-08-15,668.9
2007-08-16,648.3
2007-08-17,656.9
2007-08-20,656.7
2007-08-21,656.7
2007-08-22,659.1
2007-08-23,658.9
2007-08-24,668
2007-08-27,666.8
2007-08-28,664.4
2007-08-29,666.3
2007-08-30,665
2007-08-31,673
2007-09-04,682.5
2007-09-05,681.7
2007-09-06,695.6
2007-09-07,700.8
2007-09-10,703.3
2007-09-11,712.2
2007-09-12,711.9
2007-09-13,709.5
2007-09-14,709.6
2007-09-17,715.8
2007-09-18,715.8
2007-09-19,722
2007-09-20,732.4
2007-09-21,731.4
2007-09-24,732.1
2007-09-25,731.6
2007-09-26,728.3
2007-09-27,732.7
2007-09-28,742.8
2007-10-01,747.2
2007-10-02,729.8
2007-10-03,729.3
2007-10-04,737.8
2007-10-05,741.3
2007-10-08,732.8
2007-10-09,737.4
2007-10-10,740.4
2007-10-11,751.3
2007-10-12,748.7
2007-10-15,757.1
2007-10-16,757
2007-10-17,757.5
2007-10-18,764.1
2007-10-19,764
2007-10-22,755.8
2007-10-23,759
2007-10-24,761.6
2007-10-25,767.3
2007-10-26,783.9
2007-10-29,789.1
2007-10-30,784.3
2007-10-31,792
2007-11-01,790.7
2007-11-02,805.7
2007-11-05,808.1
2007-11-06,820.8
2007-11-07,831
2007-11-08,835.2
2007-11-09,832.5
2007-11-12,805.8
2007-11-13,797.2
2007-11-14,813
2007-11-15,785.9
2007-11-16,785.7
2007-11-19,776.8
2007-11-20,790.3
2007-11-21,797.6
2007-11-23,824
2007-11-26,826
2007-11-27,813.7
2007-11-28,800.1
2007-11-29,795.3
2007-11-30,782.2
2007-12-03,788.3
2007-12-04,801.3
2007-12-05,797.5
2007-12-06,801.2
2007-12-07,794.4
2007-12-10,807.7
2007-12-11,811.4
2007-12-12,813.5
2007-12-13,799
2007-12-14,793.3
2007-12-17,794.8
2007-12-18,803
2007-12-19,801.1
2007-12-20,799.2
2007-12-21,811.6
2007-12-24,812.8
2007-12-26,826
2007-12-27,828.6
2007-12-28,839.6
2007-12-31,834.9
2008-01-02,857
2008-01-03,866.4
2008-01-04,863.1
2008-01-07,859.6
2008-01-08,878
2008-01-09,879.5
2008-01-10,891.7
2008-01-11,896.1
2008-01-14,901.6
2008-01-15,901
2008-01-16,880.6
2008-01-17,879.5
2008-01-18,880.8
2008-01-22,889.6
2008-01-23,882.5
2008-01-24,905.5
2008-01-25,910.5
2008-01-28,927.1
2008-01-29,925.1
2008-01-30,920.6
2008-01-31,922.7
2008-02-01,908.7
2008-02-04,904.9
2008-02-05,885.9
2008-02-06,900.7
2008-02-07,906.1
2008-02-08,918.4
2008-02-11,922.9
2008-02-12,907.4
2008-02-13,906.5
2008-02-14,907.4
2008-02-15,902.8
2008-02-19,926.6
2008-02-20,934.6
2008-02-21,946.1
2008-02-22,944.7
2008-02-25,937.6
2008-02-26,946.1
2008-02-27,958.2
2008-02-28,964.5
2008-02-29,972.1
2008-03-03,981.5
2008-03-04,963.9
2008-03-05,986.2
2008-03-06,975
2008-03-07,972.2
2008-03-10,969.9
2008-03-11,974.2
2008-03-12,978.8
2008-03-13,992.3
2008-03-14,998.2
2008-03-17,1001.4
2008-03-18,1003.2
2008-03-19,944.7
2008-03-20,919.6
2008-03-24,918.3
2008-03-25,934.6
2008-03-26,949
2008-03-27,948.8
2008-03-28,930.6
2008-03-31,916.2
2008-04-01,882.9
2008-04-02,895.2
2008-04-03,905
2008-04-04,909
2008-04-07,922.7
2008-04-08,914
2008-04-09,933.6
2008-04-10,928.3
2008-04-11,923.6
2008-04-14,925.4
2008-04-15,928.7
2008-04-16,945.1
2008-04-17,939.8
2008-04-18,912.2
2008-04-21,914.7
2008-04-22,922.3
2008-04-23,906.2
2008-04-24,886.8
2008-04-25,887.2
2008-04-28,892.9
2008-04-29,874.2
2008-04-30,862.8
2008-05-01,848.9
2008-05-02,856.1
2008-05-05,872.3
2008-05-06,876
2008-05-07,869.6
2008-05-08,880.6
2008-05-09,884.5
2008-05-12,883.7
2008-05-13,868.5
2008-05-14,865.4
2008-05-15,879
2008-05-16,899
2008-05-19,905
2008-05-20,919.5
2008-05-21,928
2008-05-22,917.9
2008-05-23,925.6
2008-05-27,907.7
2008-05-28,900.5
2008-05-29,877.2
2008-05-30,887.3
2008-06-02,892.9
2008-06-03,881.6
2008-06-04,879.9
2008-06-05,871.8
2008-06-06,895.4
2008-06-09,894.7
2008-06-10,867.9
2008-06-11,879.7
2008-06-12,869.2
2008-06-13,870.3
2008-06-16,883.6
2008-06-17,884.3
2008-06-18,890.9
2008-06-19,901.7
2008-06-20,901.3
2008-06-23,884.8
2008-06-24,889.2
2008-06-25,880
2008-06-26,913.1
2008-06-27,929.3
2008-06-30,926.2
2008-07-01,942.5
2008-07-02,944.8
2008-07-03,931.9
2008-07-07,927.3
2008-07-08,921.9
2008-07-09,927.3
2008-07-10,940.9
2008-07-11,959.5
2008-07-14,972.7
2008-07-15,977.7
2008-07-16,961.8
2008-07-17,970
2008-07-18,957.3
2008-07-21,963.1
2008-07-22,948
2008-07-23,922.4
2008-07-24,922
2008-07-25,926.6
2008-07-28,927.6
2008-07-29,916.4
2008-07-30,902.9
2008-07-31,913.9
2008-08-01,909
2008-08-04,900.1
2008-08-05,878.6
2008-08-06,875.6
2008-08-07,870.7
2008-08-08,857.8
2008-08-11,821.5
2008-08-12,808.2
2008-08-13,825
2008-08-14,808.2
2008-08-15,786
2008-08-18,799.7
2008-08-19,811.1
2008-08-20,810.3
2008-08-21,833
2008-08-22,827.4
2008-08-25,819.8
2008-08-26,822.2
2008-08-27,828.1
2008-08-28,830.9
2008-08-29,829.3
2008-09-02,805
2008-09-03,802.7
2008-09-04,797.9
2008-09-05,797.6
2008-09-08,797.5
2008-09-09,787.1
2008-09-10,757.9
2008-09-11,741.3
2008-09-12,760.3
2008-09-15,783.1
2008-09-16,776.5
2008-09-17,846.6
2008-09-18,892.7
2008-09-19,860.6
2008-09-22,903.9
2008-09-23,885.5
2008-09-24,889
2008-09-25,877.7
2008-09-26,882.9
2008-09-29,888.2
2008-09-30,874.2
2008-10-01,880.7
2008-10-02,839
2008-10-03,828.9
2008-10-06,862.7
2008-10-07,878.4
2008-10-08,903.1
2008-10-09,883.1
2008-10-10,855.4
2008-10-13,838.9
2008-10-14,836.3
2008-10-15,835.5
2008-10-16,801.5
2008-10-17,785.1
2008-10-20,787.6
2008-10-21,766.1
2008-10-22,733.3
2008-10-23,713.3
2008-10-24,729.1
2008-10-27,741.7
2008-10-28,739.3
2008-10-29,752.8
2008-10-30,737.2
2008-10-31,716.8
2008-11-03,725.4
2008-11-04,756
2008-11-05,741.3
2008-11-06,731.2
2008-11-07,733.2
2008-11-10,745.6
2008-11-11,732
2008-11-12,717.7
2008-11-13,704.9
2008-11-14,742.4
2008-11-17,741.9
2008-11-18,732.6
2008-11-19,735.9
2008-11-20,748.6
2008-11-21,791.7
2008-11-24,819.4
2008-11-25,818.4
2008-11-26,808.5
2008-11-28,816.2
2008-12-01,774.6
2008-12-02,781.3
2008-12-03,768.8
2008-12-04,763.8
2008-12-05,750.5
2008-12-08,767.4
2008-12-09,772.4
2008-12-10,807.1
2008-12-11,824.9
2008-12-12,818.9
2008-12-15,835.4
2008-12-16,841.7
2008-12-17,867.5
2008-12-18,859.6
2008-12-19,836.4
2008-12-22,846.2
2008-12-23,837.2
2008-12-24,847.1
2008-12-26,870.4
2008-12-29,874.6
2008-12-30,869.3
2008-12-31,883.6
2009-01-02,878.8
2009-01-05,857.2
2009-01-06,865.4
2009-01-07,841.1
2009-01-08,853.9
2009-01-09,854.3
2009-01-12,820.3
2009-01-13,820.1
2009-01-14,808.2
2009-01-15,806.7
2009-01-16,839.3
2009-01-20,854.6
2009-01-21,849.6
2009-01-22,858.2
2009-01-23,895.3
2009-01-26,908.5
2009-01-27,899.2
2009-01-28,888.1
2009-01-29,905.1
2009-01-30,927.3
2009-02-02,906.7
2009-02-03,892
2009-02-04,901.6
2009-02-05,913.6
2009-02-06,913.9
2009-02-09,892.4
2009-02-10,913.7
2009-02-11,943.8
2009-02-12,948.5
2009-02-13,941.5
2009-02-17,967
2009-02-18,977.7
2009-02-19,976.1
2009-02-20,1001.8
2009-02-23,994.6
2009-02-24,969.1
2009-02-25,965.7
2009-02-26,941.8
2009-02-27,941.5
2009-03-02,939
2009-03-03,912.9
2009-03-04,906
2009-03-05,927
2009-03-06,942.1
2009-03-09,917.7
2009-03-10,895.6
2009-03-11,910.4
2009-03-12,923.7
2009-03-13,929.8
2009-03-16,921.6
2009-03-17,916.4
2009-03-18,888.7
2009-03-19,958.3
2009-03-20,955.8
2009-03-23,952.1
2009-03-24,923.3
2009-03-25,935.4
2009-03-26,939.6
2009-03-27,923
2009-03-30,915.5
2009-03-31,922.6
2009-04-01,926.1
2009-04-02,907.4
2009-04-03,895.6
2009-04-06,871.5
2009-04-07,882.2
2009-04-08,884.8
2009-04-09,882.2
2009-04-13,894.7
2009-04-14,890.9
2009-04-15,892.8
2009-04-16,879.3
2009-04-17,867.4
2009-04-20,887
2009-04-21,882.1
2009-04-22,891.8
2009-04-23,905.9
2009-04-24,913.6
2009-04-27,907.4
2009-04-28,892.8
2009-04-29,899.8
2009-04-30,890.7
2009-05-01,887.6
2009-05-04,901.6
2009-05-05,903.7
2009-05-06,910.5
2009-05-07,915
2009-05-08,914.4
2009-05-11,913
2009-05-12,923.5
2009-05-13,925.5
2009-05-14,928
2009-05-15,930.9
2009-05-18,921.3
2009-05-19,926.3
2009-05-20,937
2009-05-21,950.8
2009-05-22,958.5
2009-05-26,953.1
2009-05-27,953.2
2009-05-28,961.5
2009-05-29,978.8
2009-06-01,978.6
2009-06-02,983.2
2009-06-03,964.5
2009-06-04,981.2
2009-06-05,961.7
2009-06-08,951.7
2009-06-09,954
2009-06-10,954
2009-06-11,961.3
2009-06-12,940.1
2009-06-15,926.9
2009-06-16,931.6
2009-06-17,935.4
2009-06-18,934
2009-06-19,935.6
2009-06-22,920.6
2009-06-23,923.9
2009-06-24,934.1
2009-06-25,939.1
2009-06-26,940.7
2009-06-29,940.4
2009-06-30,927.1
2009-07-01,941
2009-07-02,930.7
2009-07-06,924
2009-07-07,928.8
2009-07-08,909
2009-07-09,915.9
2009-07-10,912.2
2009-07-13,922.2
2009-07-14,922.5
2009-07-15,939.1
2009-07-16,935.1
2009-07-17,937.2
2009-07-20,948.5
2009-07-21,946.6
2009-07-22,953
2009-07-23,954.5
2009-07-24,952.8
2009-07-27,953.3
2009-07-28,939
2009-07-29,927.2
2009-07-30,934.9
2009-07-31,953.7
2009-08-03,956.6
2009-08-04,967.5
2009-08-05,964.2
2009-08-06,960.7
2009-08-07,957.3
2009-08-10,945
2009-08-11,945.8
2009-08-12,950.7
2009-08-13,954.7
2009-08-14,947
2009-08-17,934.3
2009-08-18,937.7
2009-08-19,943.3
2009-08-20,940.3
2009-08-21,953.2
2009-08-24,942.3
2009-08-25,944.5
2009-08-26,944.3
2009-08-27,945.5
2009-08-28,957
2009-08-31,951.7
2009-09-01,954.7
2009-09-02,976.6
2009-09-03,995.8
2009-09-04,994.9
2009-09-08,997.9
2009-09-09,995.3
2009-09-10,995.4
2009-09-11,1004.9
2009-09-14,999.9
2009-09-15,1005
2009-09-16,1018.9
2009-09-17,1012.3
2009-09-18,1009.2
2009-09-21,1003.7
2009-09-22,1014.2
2009-09-23,1013
2009-09-24,997.5
2009-09-25,990.2
2009-09-28,992.5
2009-09-29,993.1
2009-09-30,1008
2009-10-01,999.5
2009-10-02,1003.2
2009-10-05,1016.7
2009-10-06,1038.6
2009-10-07,1043.3
2009-10-08,1055.4
2009-10-09,1047.8
2009-10-12,1056.7
2009-10-13,1064.2
2009-10-14,1063.9
2009-10-15,1049.8
2009-10-16,1050.7
2009-10-19,1057.3
2009-10-20,1057.8
2009-10-21,1063.7
2009-10-22,1057.8
2009-10-23,1055.6
2009-10-26,1042.1
2009-10-27,1034.7
2009-10-28,1029.9
2009-10-29,1046.4
2009-10-30,1039.7
2009-11-02,1053.4
2009-11-03,1084.3
2009-11-04,1086.7
2009-11-05,1088.7
2009-11-06,1095.1
2009-11-09,1100.8
2009-11-10,1101.9
2009-11-11,1114
2009-11-12,1106
2009-11-13,1116.1
2009-11-16,1138.6
2009-11-17,1138.8
2009-11-18,1140.7
2009-11-19,1141.4
2009-11-20,1146.4
2009-11-23,1164.3
2009-11-24,1165.5
2009-11-25,1186.9
2009-11-27,1174.2
2009-11-30,1181.1
2009-12-01,1199.1
2009-12-02,1212
2009-12-03,1217.4
2009-12-04,1168.8
2009-12-07,1163.4
2009-12-08,1142.8
2009-12-09,1120.4
2009-12-10,1125.7
2009-12-11,1119.4
2009-12-14,1123.3
2009-12-15,1122.4
2009-12-16,1135.5
2009-12-17,1106.8
2009-12-18,1110.8
2009-12-21,1095.4
2009-12-22,1086
2009-12-23,1093.3
2009-12-24,1104.1
2009-12-28,1107.2
2009-12-29,1097
2009-12-30,1091.5
2009-12-31,1095.2
2010-01-04,1117.7
2010-01-05,1118.1
2010-01-06,1135.9
2010-01-07,1133.1
2010-01-08,1138.2
2010-01-11,1150.7
2010-01-12,1128.9
2010-01-13,1136.4
2010-01-14,1142.6
2010-01-15,1130.1
2010-01-19,1139.7
2010-01-20,1112.3
2010-01-21,1102.7
2010-01-22,1089.2
2010-01-25,1095.2
2010-01-26,1097.9
2010-01-27,1084.4
2010-01-28,1083.6
2010-01-29,1083
2010-02-01,1104.3
2010-02-02,1117.4
2010-02-03,1111.4
2010-02-04,1062.4
2010-02-05,1052.2
2010-02-08,1065.7
2010-02-09,1076.7
2010-02-10,1075.8
2010-02-11,1094.2
2010-02-12,1089.5
2010-02-16,1119.3
2010-02-17,1119.5
2010-02-18,1118
2010-02-19,1121.3
2010-02-22,1112.6
2010-02-23,1102.7
2010-02-24,1096.5
2010-02-25,1107.8
2010-02-26,1118.3
2010-03-01,1117.8
2010-03-02,1136.9
2010-03-03,1142.7
2010-03-04,1132.6
2010-03-05,1134.8
2010-03-08,1123.6
2010-03-09,1122
2010-03-10,1107.8
2010-03-11,1108
2010-03-12,1101.5
2010-03-15,1105.1
2010-03-16,1122.2
2010-03-17,1124
2010-03-18,1127.4
2010-03-19,1107.4
2010-03-22,1099.3
2010-03-23,1103.5
2010-03-24,1088.6
2010-03-25,1092.7
2010-03-26,1104.2
2010-03-29,1110.3
2010-03-30,1104.5
2010-03-31,1113.3
2010-04-01,1125.1
2010-04-05,1132.9
2010-04-06,1135.1
2010-04-07,1152.3
2010-04-08,1152.2
2010-04-09,1161.1
2010-04-12,1161.6
2010-04-13,1152.8
2010-04-14,1159
2010-04-15,1159.7
2010-04-16,1136.3
2010-04-19,1135.2
2010-04-20,1138.6
2010-04-21,1148.2
2010-04-22,1142.3
2010-04-23,1153.1
2010-04-26,1153.5
2010-04-27,1161.7
2010-04-28,1171.3
2010-04-29,1168.4
2010-04-30,1180.1
2010-05-03,1182.7
2010-05-04,1168.6
2010-05-05,1174.6
2010-05-06,1196.9
2010-05-07,1210
2010-05-10,1200.4
2010-05-11,1219.9
2010-05-12,1242.7
2010-05-13,1228.8
2010-05-14,1227.4
2010-05-17,1227.7
2010-05-18,1214.3
2010-05-19,1192.6
2010-05-20,1187.8
2010-05-21,1175.7
2010-05-24,1193.8
2010-05-25,1197.8
2010-05-26,1213.3
2010-05-27,1211.9
2010-05-28,1212.2
2010-06-01,1224.8
2010-06-02,1220.6
2010-06-03,1208.3
2010-06-04,1216.2
2010-06-07,1239.3
2010-06-08,1244
2010-06-09,1228.5
2010-06-10,1220.8
2010-06-11,1228.9
2010-06-14,1223.3
2010-06-15,1233.2
2010-06-16,1229.3
2010-06-17,1247.5
2010-06-18,1257.2
2010-06-21,1239.7
2010-06-22,1239.9
2010-06-23,1234.1
2010-06-24,1245.5
2010-06-25,1255.8
2010-06-28,1238.2
2010-06-29,1242
2010-06-30,1245.5
2010-07-01,1206.3
2010-07-02,1207.4
2010-07-06,1194.8
2010-07-07,1198.6
2010-07-08,1195.8
2010-07-09,1209.6
2010-07-12,1198.5
2010-07-13,1213.3
2010-07-14,1206.8
2010-07-15,1208.1
2010-07-16,1188
2010-07-19,1181.7
2010-07-20,1191.5
2010-07-21,1191.6
2010-07-22,1195.5
2010-07-23,1187.7
2010-07-26,1183
2010-07-27,1158
2010-07-28,1160.4
2010-07-29,1168.4
2010-07-30,1181.7
2010-08-02,1183.4
2010-08-03,1185.2
2010-08-04,1193.7
2010-08-05,1197.2
2010-08-06,1203.4
2010-08-09,1200.7
2010-08-10,1196.2
2010-08-11,1197.5
2010-08-12,1214.8
2010-08-13,1214.9
2010-08-16,1224.5
2010-08-17,1226.6
2010-08-18,1229.7
2010-08-19,1233.8
2010-08-20,1227.2
2010-08-23,1226.9
2010-08-24,1231.8
2010-08-25,1239.5
2010-08-26,1235.4
2010-08-27,1236
2010-08-30,1237.1
2010-08-31,1248.3
2010-09-01,1246.3
2010-09-02,1251.5
2010-09-03,1249.2
2010-09-07,1257.3
2010-09-08,1255.6
2010-09-09,1248.9
2010-09-10,1244.5
2010-09-13,1245.1
2010-09-14,1269.7
2010-09-15,1266.7
2010-09-16,1271.9
2010-09-17,1275.6
2010-09-20,1279
2010-09-21,1272.4
2010-09-22,1290.2
2010-09-23,1294.3
2010-09-24,1296
2010-09-27,1296.7
2010-09-28,1306.6
2010-09-29,1308.5
2010-09-30,1307.8
2010-10-01,1316.1
2010-10-04,1315.4
2010-10-05,1338.9
2010-10-06,1346.4
2010-10-07,1333.9
2010-10-08,1344.2
2010-10-11,1353.3
2010-10-12,1345.7
2010-10-13,1369.5
2010-10-14,1376.7
2010-10-15,1371.1
2010-10-18,1371.2
2010-10-19,1335.1
2010-10-20,1343.3
2010-10-21,1324.7
2010-10-22,1324.4
2010-10-25,1338.3
2010-10-26,1338
2010-10-27,1322.2
2010-10-28,1342.1
2010-10-29,1357.1
2010-11-01,1350.2
2010-11-02,1356.4
2010-11-03,1337.1
2010-11-04,1382.7
2010-11-05,1397.3
2010-11-08,1402.8
2010-11-09,1409.8
2010-11-10,1399.1
2010-11-11,1403.1
2010-11-12,1365.4
2010-11-15,1368.4
2010-11-16,1338.3
2010-11-17,1336.8
2010-11-18,1352.9
2010-11-19,1352.2
2010-11-22,1357.7
2010-11-23,1377.5
2010-11-24,1372.9
2010-11-26,1362.3
2010-11-29,1366
2010-11-30,1385
2010-12-01,1387.3
2010-12-02,1388.5
2010-12-03,1405.4
2010-12-06,1415.3
2010-12-07,1408.3
2010-12-08,1382.5
2010-12-09,1392.1
2010-12-10,1384.3
2010-12-13,1397.3
2010-12-14,1403.6
2010-12-15,1385.5
2010-12-16,1370.4
2010-12-17,1378.6
2010-12-20,1385.5
2010-12-21,1388.2
2010-12-22,1386.8
2010-12-23,1380
2010-12-27,1382.4
2010-12-28,1405.2
2010-12-29,1413.1
2010-12-30,1405.6
2010-12-31,1421.1
2011-01-03,1422.6
2011-01-04,1378.5
2011-01-05,1373.4
2011-01-06,1371.4
2011-01-07,1368.5
2011-01-10,1373.7
2011-01-11,1384
2011-01-12,1385.7
2011-01-13,1386.9
2011-01-14,1360.4
2011-01-18,1368.1
2011-01-19,1370.2
2011-01-20,1346.5
2011-01-21,1341
2011-01-24,1344.5
2011-01-25,1332.3
2011-01-26,1333
2011-01-27,1318.4
2011-01-28,1340.7
2011-01-31,1333.8
2011-02-01,1339.6
2011-02-02,1331.5
2011-02-03,1352.3
2011-02-04,1348.3
2011-02-07,1347.6
2011-02-08,1363.4
2011-02-09,1364.8
2011-02-10,1361.9
2011-02-11,1359.9
2011-02-14,1364.6
2011-02-15,1373.6
2011-02-16,1374.7
2011-02-17,1384.7
2011-02-18,1388.2
2011-02-22,1400.5
2011-02-23,1413.4
2011-02-24,1415.3
2011-02-25,1408.7
2011-02-28,1409.3
2011-03-01,1430.7
2011-03-02,1437.2
2011-03-03,1416
2011-03-04,1428.2
2011-03-07,1434.1
2011-03-08,1426.9
2011-03-09,1429.3
2011-03-10,1412.2
2011-03-11,1421.5
2011-03-14,1424.6
2011-03-15,1392.6
2011-03-16,1396
2011-03-17,1404
2011-03-18,1415.9
2011-03-21,1426.2
2011-03-22,1427.5
2011-03-23,1437.9
2011-03-24,1434.8
2011-03-25,1426.1
2011-03-28,1419.8
2011-03-29,1416
2011-03-30,1423.8
2011-03-31,1438.9
2011-04-01,1428.1
2011-04-04,1432.2
2011-04-05,1451.8
2011-04-06,1457.7
2011-04-07,1458.5
2011-04-08,1473.4
2011-04-11,1467.4
2011-04-12,1452.9
2011-04-13,1454.9
2011-04-14,1471.7
2011-04-15,1485.3
2011-04-18,1492.3
2011-04-19,1494.5
2011-04-20,1498.3
2011-04-21,1503.2
2011-04-25,1508.6
2011-04-26,1503
2011-04-27,1516.7
2011-04-28,1530.8
2011-04-29,1556
2011-05-02,1556.7
2011-05-03,1540.1
2011-05-04,1514.9
2011-05-05,1480.9
2011-05-06,1491.2
2011-05-09,1502.9
2011-05-10,1516.6
2011-05-11,1501.1
2011-05-12,1506.6
2011-05-13,1493.4
2011-05-16,1490.4
2011-05-17,1479.8
2011-05-18,1495.6
2011-05-19,1492.2
2011-05-20,1508.8
2011-05-23,1515.3
2011-05-24,1523.2
2011-05-25,1526.6
2011-05-26,1522.8
2011-05-27,1536.3
2011-05-31,1535.9
2011-06-01,1542.4
2011-06-02,1532
2011-06-03,1541.7
2011-06-06,1546.5
2011-06-07,1543.3
2011-06-08,1538.1
2011-06-09,1542.1
2011-06-10,1528.6
2011-06-13,1515
2011-06-14,1523.8
2011-06-15,1525.6
2011-06-16,1529.3
2011-06-17,1538.6
2011-06-20,1541.5
2011-06-21,1546
2011-06-22,1552.9
2011-06-23,1520.1
2011-06-24,1500.5
2011-06-27,1496
2011-06-28,1499.7
2011-06-29,1509.9
2011-06-30,1502.3
2011-07-01,1482.3
2011-07-05,1512.3
2011-07-06,1528.7
2011-07-07,1530.2
2011-07-08,1541.2
2011-07-11,1548.8
2011-07-12,1561.9
2011-07-13,1585.2
2011-07-14,1589
2011-07-15,1589.8
2011-07-18,1602.1
2011-07-19,1600.9
2011-07-20,1596.7
2011-07-21,1586.8
2011-07-22,1601.3
2011-07-25,1612
2011-07-26,1616.6
2011-07-27,1615
2011-07-28,1613.4
2011-07-29,1628.3
2011-08-01,1619
2011-08-02,1641.9
2011-08-03,1663.4
2011-08-04,1656.2
2011-08-05,1648.8
2011-08-08,1710.2
2011-08-09,1740
2011-08-10,1781.3
2011-08-11,1748.8
2011-08-12,1740.2
2011-08-15,1755.5
2011-08-16,1782.4
2011-08-17,1791.2
2011-08-18,1818.9
2011-08-19,1848.9
2011-08-22,1888.7
2011-08-23,1858.3
2011-08-24,1754.1
2011-08-25,1759.8
2011-08-26,1794.1
2011-08-29,1788.4
2011-08-30,1826.7
2011-08-31,1828.5
2011-09-01,1826
2011-09-02,1873.7
2011-09-06,1869.9
2011-09-07,1814.2
2011-09-08,1854.4
2011-09-09,1856.4
2011-09-12,1809.9
2011-09-13,1826.8
2011-09-14,1823.5
2011-09-15,1778.5
2011-09-16,1812.1
2011-09-19,1776.4
2011-09-20,1806.6
2011-09-21,1805.5
2011-09-22,1739.2
2011-09-23,1637.5
2011-09-26,1592.5
2011-09-27,1650.6
2011-09-28,1616.3
2011-09-29,1615.5
2011-09-30,1620.4
2011-10-03,1656
2011-10-04,1614.7
2011-10-05,1640.3
2011-10-06,1651.9
2011-10-07,1634.5
2011-10-10,1669.6
2011-10-11,1659.7
2011-10-12,1681.3
2011-10-13,1667.3
2011-10-14,1681.8
2011-10-17,1675.5
2011-10-18,1651.7
2011-10-19,1646
2011-10-20,1611.9
2011-10-21,1635.1
2011-10-24,1651.5
2011-10-25,1699.6
2011-10-26,1722.7
2011-10-27,1746.7
2011-10-28,1746.2
2011-10-31,1724.2
2011-11-01,1711
2011-11-02,1728.7
2011-11-03,1764.2
2011-11-04,1755.3
2011-11-07,1790.3
2011-11-08,1798.4
2011-11-09,1790.9
2011-11-10,1758.9
2011-11-11,1787.5
2011-11-14,1777.8
2011-11-15,1781.7
2011-11-16,1773.8
2011-11-17,1719.8
2011-11-18,1724.7
2011-11-21,1678.3
2011-11-22,1702.2
2011-11-23,1695.7
2011-11-25,1685.5
2011-11-28,1710.8
2011-11-29,1713.4
2011-11-30,1745.5
2011-12-01,1735.3
2011-12-02,1747
2011-12-05,1730.7
2011-12-06,1727.9
2011-12-07,1740.9
2011-12-08,1709.8
2011-12-09,1712.8
2011-12-12,1664.2
2011-12-13,1659.9
2011-12-14,1584.3
2011-12-15,1574.6
2011-12-16,1595.6
2011-12-19,1594.4
2011-12-20,1615.6
2011-12-21,1611.9
2011-12-22,1608.9
2011-12-23,1604.7
2011-12-27,1594.2
2011-12-28,1562.9
2011-12-29,1539.9
2011-12-30,1565.8
2012-01-03,1599.7
2012-01-04,1611.9
2012-01-05,1619.4
2012-01-06,1616.1
2012-01-09,1607.5
2012-01-10,1631
2012-01-11,1639.2
2012-01-12,1647.3
2012-01-13,1630.4
2012-01-17,1655.2
2012-01-18,1659.5
2012-01-19,1654.1
2012-01-20,1663.7
2012-01-23,1678
2012-01-24,1664.2
2012-01-25,1699.8
2012-01-26,1726.3
2012-01-27,1731.8
2012-01-30,1731
2012-01-31,1737.8
2012-02-01,1747.1
2012-02-02,1756.8
2012-02-03,1737.9
2012-02-06,1722.8
2012-02-07,1746.4
2012-02-08,1729.3
2012-02-09,1739
2012-02-10,1723.3
2012-02-13,1723
2012-02-14,1715.9
2012-02-15,1726.3
2012-02-16,1726.8
2012-02-17,1724.5
2012-02-21,1757.1
2012-02-22,1770
2012-02-23,1784.9
2012-02-24,1775.1
2012-02-27,1773.6
2012-02-28,1787
2012-02-29,1709.9
2012-03-01,1721.1
2012-03-02,1708.8
2012-03-05,1703
2012-03-06,1671.4
2012-03-07,1683.3
2012-03-08,1698.1
2012-03-09,1710.9
2012-03-12,1699.2
2012-03-13,1693.7
2012-03-14,1642.5
2012-03-15,1659.1
2012-03-16,1655.5
2012-03-19,1666.9
2012-03-20,1646.7
2012-03-21,1650
2012-03-22,1642.3
2012-03-23,1662.3
2012-03-26,1685.5
2012-03-27,1684.8
2012-03-28,1657.9
2012-03-29,1652.2
2012-03-30,1669.3
2012-04-02,1677.5
2012-04-03,1670
2012-04-04,1612.3
2012-04-05,1628.5
2012-04-09,1642.5
2012-04-10,1659.5
2012-04-11,1659
2012-04-12,1679.5
2012-04-13,1659.1
2012-04-16,1648.7
2012-04-17,1650.3
2012-04-18,1638.8
2012-04-19,1640.6
2012-04-20,1642.1
2012-04-23,1631.9
2012-04-24,1643
2012-04-25,1641.4
2012-04-26,1659.6
2012-04-27,1664
2012-04-30,1663.4
2012-05-01,1661.7
2012-05-02,1653.4
2012-05-03,1634.2
2012-05-04,1644.7
2012-05-07,1638.6
2012-05-08,1604
2012-05-09,1593.7
2012-05-10,1595.1
2012-05-11,1583.6
2012-05-14,1560.6
2012-05-15,1556.8
2012-05-16,1536.2
2012-05-17,1574.5
2012-05-18,1591.6
2012-05-21,1588.4
2012-05-22,1576.3
2012-05-23,1548.1
2012-05-24,1557.3
2012-05-25,1568.8
2012-05-29,1548.6
2012-05-30,1563.4
2012-05-31,1562.6
2012-06-01,1620.5
2012-06-04,1612.2
2012-06-05,1615.2
2012-06-06,1632.8
2012-06-07,1586.6
2012-06-08,1590.1
2012-06-11,1595.5
2012-06-12,1612.7
2012-06-13,1618.1
2012-06-14,1618.4
2012-06-15,1627
2012-06-18,1625.7
2012-06-19,1622.2
2012-06-20,1614.8
2012-06-21,1564.5
2012-06-22,1566
2012-06-25,1587.5
2012-06-26,1574
2012-06-27,1577.5
2012-06-28,1549.7
2012-06-29,1603.5
2012-07-02,1597.2
2012-07-03,1621.3
2012-07-05,1608.9
2012-07-06,1578.4
2012-07-09,1588.6
2012-07-10,1579.3
2012-07-11,1575.2
2012-07-12,1564.9
2012-07-13,1591.6
2012-07-16,1591.2
2012-07-17,1589.1
2012-07-18,1570.4
2012-07-19,1580.1
2012-07-20,1582.5
2012-07-23,1577.1
2012-07-24,1576
2012-07-25,1608
2012-07-26,1615
2012-07-27,1617.9
2012-07-30,1619.7
2012-07-31,1610.5
2012-08-01,1603.7
2012-08-02,1587.4
2012-08-03,1606
2012-08-06,1612.9
2012-08-07,1609.7
2012-08-08,1612.9
2012-08-09,1617.1
2012-08-10,1619.7
2012-08-13,1609.6
2012-08-14,1599.4
2012-08-15,1603.7
2012-08-16,1616.1
2012-08-17,1616.3
2012-08-20,1620.1
2012-08-21,1639.9
2012-08-22,1637.4
2012-08-23,1669.6
2012-08-24,1669.8
2012-08-27,1672.4
2012-08-28,1666.5
2012-08-29,1659.8
2012-08-30,1653.5
2012-08-31,1684.6
2012-09-04,1692.9
2012-09-05,1690.8
2012-09-06,1702.6
2012-09-07,1737.5
2012-09-10,1728.7
2012-09-11,1731.8
2012-09-12,1730.6
2012-09-13,1769.1
2012-09-14,1769.8
2012-09-17,1767.7
2012-09-18,1768.4
2012-09-19,1769
2012-09-20,1767.7
2012-09-21,1775.5
2012-09-24,1762.1
2012-09-25,1763.8
2012-09-26,1750.6
2012-09-27,1777.6
2012-09-28,1771.1
2012-10-01,1780.5
2012-10-02,1772.7
2012-10-03,1777.3
2012-10-04,1794.1
2012-10-05,1778.6
2012-10-08,1773.5
2012-10-09,1763
2012-10-10,1763.2
2012-10-11,1768.8
2012-10-12,1758
2012-10-15,1736
2012-10-16,1744.7
2012-10-17,1751.5
2012-10-18,1743.3
2012-10-19,1722.8
2012-10-22,1725.1
2012-10-23,1708.3
2012-10-24,1700.5
2012-10-25,1712
2012-10-26,1710.9
2012-10-29,1707.7
2012-10-30,1710.5
2012-10-31,1717.5
2012-11-01,1714.1
2012-11-02,1674.1
2012-11-05,1682.2
2012-11-06,1714.1
2012-11-07,1713.2
2012-11-08,1725.4
2012-11-09,1730.3
2012-11-12,1730.3
2012-11-13,1724.2
2012-11-14,1729.5
2012-11-15,1713.3
2012-11-16,1714.3
2012-11-19,1734
2012-11-20,1723.2
2012-11-21,1727.9
2012-11-23,1751.3
2012-11-26,1749.5
2012-11-27,1742.2
2012-11-28,1716.5
2012-11-29,1727.2
2012-11-30,1710.9
2012-12-03,1719.6
2012-12-04,1694.4
2012-12-05,1692.4
2012-12-06,1700.3
2012-12-07,1704
2012-12-10,1713
2012-12-11,1708.2
2012-12-12,1716.6
2012-12-13,1695.6
2012-12-14,1695.8
2012-12-17,1697
2012-12-18,1669.5
2012-12-19,1666.5
2012-12-20,1644.9
2012-12-21,1659.1
2012-12-24,1658.6
2012-12-26,1659.8
2012-12-27,1662.6
2012-12-28,1654.9
2012-12-31,1674.8
2013-01-02,1687.9
2013-01-03,1673.7
2013-01-04,1648.1
2013-01-07,1645.5
2013-01-08,1661.5
2013-01-09,1654.8
2013-01-10,1677.3
2013-01-11,1660
2013-01-14,1668.9
2013-01-15,1683.4
2013-01-16,1682.7
2013-01-17,1690.4
2013-01-18,1686.6
2013-01-22,1692.8
2013-01-23,1686.3
2013-01-24,1669.5
2013-01-25,1656.4
2013-01-28,1652.4
2013-01-29,1660.7
2013-01-30,1679.9
2013-01-31,1660.6
2013-02-01,1669.4
2013-02-04,1675.3
2013-02-05,1672.4
2013-02-06,1677.7
2013-02-07,1670.4
2013-02-08,1666
2013-02-11,1648.2
2013-02-12,1648.7
2013-02-13,1644.2
2013-02-14,1634.7
2013-02-15,1608.8
2013-02-19,1603.6
2013-02-20,1577.6
2013-02-21,1578.2
2013-02-22,1572.4
2013-02-25,1586.2
2013-02-26,1615.2
2013-02-27,1595.2
2013-02-28,1577.7
2013-03-01,1571.9
2013-03-04,1572.1
2013-03-05,1574.6
2013-03-06,1574.6
2013-03-07,1574.8
2013-03-08,1576.6
2013-03-11,1577.8
2013-03-12,1591.5
2013-03-13,1588.3
2013-03-14,1590.6
2013-03-15,1592.5
2013-03-18,1604.6
2013-03-19,1611.3
2013-03-20,1607.5
2013-03-21,1613.8
2013-03-22,1606.2
2013-03-25,1604.6
2013-03-26,1595.8
2013-03-27,1606.2
2013-03-28,1594.8
2013-04-01,1600
2013-04-02,1575.1
2013-04-03,1552.8
2013-04-04,1551.8
2013-04-05,1575.4
2013-04-08,1572
2013-04-09,1586.2
2013-04-10,1558.3
2013-04-11,1564.3
2013-04-12,1501
2013-04-15,1360.6
2013-04-16,1386.8
2013-04-17,1382.2
2013-04-18,1392
2013-04-19,1395.3
2013-04-22,1421
2013-04-23,1408.6
2013-04-24,1423.4
2013-04-25,1461.8
2013-04-26,1453.6
2013-04-29,1467.4
2013-04-30,1472.2
2013-05-01,1446.3
2013-05-02,1467.7
2013-05-03,1464.3
2013-05-06,1468.1
2013-05-07,1449
2013-05-08,1473.9
2013-05-09,1468.8
2013-05-10,1436.8
2013-05-13,1434.5
2013-05-14,1424.7
2013-05-15,1396.5
2013-05-16,1387.1
2013-05-17,1364.9
2013-05-20,1384.3
2013-05-21,1377.8
2013-05-22,1367.6
2013-05-23,1392
2013-05-24,1386.8
2013-05-27,1395.95
2013-05-28,1379.1
2013-05-29,1391.3
2013-05-30,1411.5
2013-05-31,1392.6
2013-06-03,1411.7
2013-06-04,1397.1
2013-06-05,1398.4
2013-06-06,1415.7
2013-06-07,1383
2013-06-10,1386.2
2013-06-11,1377
2013-06-12,1391.8
2013-06-13,1377.6
2013-06-14,1387.3
2013-06-17,1382.8
2013-06-18,1366.6
2013-06-19,1373.6
2013-06-20,1285.9
2013-06-21,1291.6
2013-06-24,1276.8
2013-06-25,1274.8
2013-06-26,1229.6
2013-06-27,1360.2
2013-06-28,1374.9
2013-07-01,1407.8
2013-07-02,1393.9
2013-07-03,1403.9
2013-07-04,1247.05
2013-07-05,1374.2
2013-07-08,1394.3
2013-07-09,1403.3
2013-07-10,1405.7
2013-07-11,1435.4
2013-07-12,1433.6
2013-07-15,1437.9
2013-07-16,1442.7
2013-07-17,1426.3
2013-07-18,1433.1
2013-07-19,1440.3
2013-07-22,1485.2
2013-07-23,1483.4
2013-07-24,1472
2013-07-25,1483.4
2013-07-26,1471.7
2013-07-29,1482.2
2013-07-30,1476.3
2013-07-31,1468.6
2013-08-01,1468.5
2013-08-02,1463
2013-08-05,1456.4
2013-08-06,1435.4
2013-08-07,1437.3
2013-08-08,1462.2
2013-08-09,1465.4
2013-08-12,1488.2
2013-08-13,1480
2013-08-14,1492
2013-08-15,1523.1
2013-08-16,1539.5
2013-08-19,1535.3
2013-08-20,1540.5
2013-08-21,1540.3
2013-08-22,1550.3
2013-08-23,1575.6
2013-08-26,1570.7
2013-08-27,1596
2013-08-28,1597
2013-08-29,1590.3
2013-08-30,1573
2013-09-02,1393.7
2013-09-03,1592
2013-09-04,1570.3
2013-09-05,1559.2
2013-09-06,1571.4
2013-09-09,1568.5
2013-09-10,1547.1
2013-09-11,1546.8
2013-09-12,1507.8
2013-09-13,1485.7
2013-09-16,1490.1
2013-09-17,1482.3
2013-09-18,1482.3
2013-09-19,1541.9
2013-09-20,1497.7
2013-09-23,1490.4
2013-09-24,1473.9
2013-09-25,1494.4
2013-09-26,1483.4
2013-09-27,1497.3
2013-09-30,1485.4
2013-10-01,1442.3
2013-10-02,1477.1
2013-10-03,1472
2013-10-04,1466.1
2013-10-07,1480.4
2013-10-08,1480.4
2013-10-09,1461.6
2013-10-10,1451.9
2013-10-11,1419.9
2013-10-14,1429.3
2013-10-15,1425.2
2013-10-16,1434
2013-10-17,1473.5
2013-10-18,1464.8
2013-10-21,1462.9
2013-10-22,1484.3
2013-10-23,1469.5
2013-10-24,1485.9
2013-10-25,1486.2
2013-10-28,1485.5
2013-10-29,1478.5
2013-10-30,1480.4
2013-10-31,1453.9
2013-11-01,1444.7
2013-11-04,1446.4
2013-11-05,1442
2013-11-06,1449.5
2013-11-07,1438.3
2013-11-08,1419.2
2013-11-11,1415.2
2013-11-12,1406.7
2013-11-13,1401.3
2013-11-14,1415.9
2013-11-15,1416.9
2013-11-18,1400
2013-11-19,1401.1
2013-11-20,1385.4
2013-11-21,1369.1
2013-11-22,1370.3
2013-11-25,1366.8
2013-11-26,1366.1
2013-11-27,1364.2
2013-11-28,1243.8
2013-11-29,1377.2
2013-12-02,1350.6
2013-12-03,1348
2013-12-04,1376.3
2013-12-05,1360.8
2013-12-06,1358.2
2013-12-09,1362.8
2013-12-10,1389.7
2013-12-11,1386.3
2013-12-12,1355.4
2013-12-13,1365.7
2013-12-16,1375.9
2013-12-17,1357.7
2013-12-18,1364.5
2013-12-19,1324.3
2013-12-20,1336.3
2013-12-23,1330.6
2013-12-24,1339.4
2013-12-26,1348.8
2013-12-27,1350.4
2013-12-30,1339.2
2013-12-31,1367.4
2014-01-01,1205.4
2014-01-02,1391.7
2014-01-03,1405.5
2014-01-06,1405
2014-01-07,1395.5
2014-01-08,1392.6
2014-01-09,1397.9
2014-01-10,1413.4
2014-01-13,1416
2014-01-14,1411.8
2014-01-15,1405.9
2014-01-16,1405.7
2014-01-17,1417.1
2014-01-20,1255.1
2014-01-21,1405.1
2014-01-22,1403.6
2014-01-23,1426.1
2014-01-24,1426
2014-01-27,1425.1
2014-01-28,1412
2014-01-29,1422.2
2014-01-30,1402.8
2014-01-31,1398.9
2014-02-03,1417.1
2014-02-04,1407.3
2014-02-05,1413
2014-02-06,1413.3
2014-02-07,1415.7
2014-02-10,1427.5
2014-02-11,1443.6
2014-02-12,1451.1
2014-02-13,1451.4
2014-02-14,1470.8
2014-02-17,1328.5
2014-02-18,1473.2
2014-02-19,1467.7
2014-02-20,1467.8
2014-02-21,1474.4
2014-02-24,1491
2014-02-25,1493.8
2014-02-26,1478.4
2014-02-27,1481.3
2014-02-28,1473
2014-03-03,1500
2014-03-04,1488.7
2014-03-05,1491.1
2014-03-06,1504.3
2014-03-07,1494.6
2014-03-10,1497.2
2014-03-11,1502.2
2014-03-12,1525.2
2014-03-13,1526
2014-03-14,1532.4
2014-03-17,1525.6
2014-03-18,1511.6
2014-03-19,1493
2014-03-20,1488.7
2014-03-21,1493.5
2014-03-24,1468.5
2014-03-25,1466.4
2014-03-26,1456.1
2014-03-27,1447.8
2014-03-28,1445.3
2014-03-31,1433.8
2014-04-01,1430
2014-04-02,1442.5
2014-04-03,1435.1
2014-04-04,1452.7
2014-04-07,1442.7
2014-04-08,1452.3
2014-04-09,1451.1
2014-04-10,1461.7
2014-04-11,1459.7
2014-04-14,1469.3
2014-04-15,1442
2014-04-16,1446
2014-04-17,1437.5
2014-04-21,1432.4
2014-04-22,1425.4
2014-04-23,1424
2014-04-24,1429.7
2014-04-25,1438.9
2014-04-28,1435.7
2014-04-29,1432.5
2014-04-30,1431.8
2014-05-01,1417.5
2014-05-02,1437.5
2014-05-05,1444.4
2014-05-06,1444
2014-05-07,1423.3
2014-05-08,1421.7
2014-05-09,1421.8
2014-05-12,1430.6
2014-05-13,1427.5
2014-05-14,1435.3
2014-05-15,1422
2014-05-16,1422.3
2014-05-19,1421.9
2014-05-20,1422.5
2014-05-21,1416.1
2014-05-22,1422.7
2014-05-23,1419.1
2014-05-25,1291.7
2014-05-26,1292.5
2014-05-27,1392.9
2014-05-28,1385.4
2014-05-29,1379.5
2014-05-30,1368.9
2014-06-02,1367.7
2014-06-03,1368.2
2014-06-04,1368.4
2014-06-05,1377.3
2014-06-06,1377.6
2014-06-09,1380.2
2014-06-10,1386.5
2014-06-11,1387
2014-06-12,1399.9
2014-06-13,1401.6
2014-06-16,1403
2014-06-17,1399.9
2014-06-18,1400.6
2014-06-19,1442.5
2014-06-20,1445.2
2014-06-23,1447
2014-06-24,1448.6
2014-06-25,1449.2
2014-06-26,1443.4
2014-06-27,1444.7
2014-06-30,1445.1
2014-07-01,1450.2
2014-07-02,1454.8
2014-07-03,1445.6
2014-07-04,1321.3
2014-07-07,1442
2014-07-08,1441.4
2014-07-09,1449.7
2014-07-10,1464.7
2014-07-11,1462.9
2014-07-14,1430.7
2014-07-15,1421.3
2014-07-16,1424.9
2014-07-17,1442.1
2014-07-18,1434.7
2014-07-21,1439.6
2014-07-22,1431.6
2014-07-23,1430.3
2014-07-24,1417.3
2014-07-25,1430.3
2014-07-28,1432
2014-07-29,1426.7
2014-07-30,1426.1
2014-07-31,1411.5
2014-08-01,1421.1
2014-08-04,1411.9
2014-08-05,1409
2014-08-06,1432.7
2014-08-07,1437.3
2014-08-08,1435.9
2014-08-11,1435.5
2014-08-12,1435.3
2014-08-13,1437.9
2014-08-14,1439.1
2014-08-15,1429.4
2014-08-18,1422.8
2014-08-19,1419
2014-08-20,1419
2014-08-21,1399.2
2014-08-22,1404.1
2014-08-25,1403.1
2014-08-26,1409.3
2014-08-27,1406.9
2014-08-28,1413.8
2014-08-29,1410.6
2014-08-31,1287.7
2014-09-01,1287.4
2014-09-02,1389
2014-09-03,1395.5
2014-09-04,1392.3
2014-09-05,1393.2
2014-09-08,1380.2
2014-09-09,1374.6
2014-09-10,1372
2014-09-11,1365.4
2014-09-12,1357.8
2014-09-15,1361.3
2014-09-16,1363
2014-09-17,1362
2014-09-18,1353.4
2014-09-19,1343.1
2014-09-22,1344.2
2014-09-23,1347.2
2014-09-24,1344.9
2014-09-25,1346.4
2014-09-26,1340.4
2014-09-29,1343.7
2014-09-30,1336.7
2014-10-01,1340.2
2014-10-02,1338.1
2014-10-03,1316.9
2014-10-06,1330.7
2014-10-07,1333.6
2014-10-08,1314.2
2014-10-09,1328.8
2014-10-10,1323.7
2014-10-13,1329.3
2014-10-14,1329.3
2014-10-15,1331.3
2014-10-16,1327.5
2014-10-17,1328.5
2014-10-20,1334.3
2014-10-21,1341.8
2014-10-22,1336.6
2014-10-23,1322.1
2014-10-24,1325
2014-10-27,1322.4
2014-10-28,1322.6
2014-10-29,1319.2
2014-10-30,1292.9
2014-10-31,1265.9
2014-11-03,1264.4
2014-11-04,1260.3
2014-11-05,1238.1
2014-11-06,1234.4
2014-11-07,1261
2014-11-10,1251.3
2014-11-11,1255.1
2014-11-12,1250.4
2014-11-13,1251.4
2014-11-14,1275.6
2014-11-17,1273.7
2014-11-18,1285.5
2014-11-19,1283.4
2014-11-20,1278.9
2014-11-21,1285.9
2014-11-24,1284.2
2014-11-25,1285.2
2014-11-26,1284.5
2014-11-27,1188.8
2014-11-28,1261.2
2014-12-01,1302.5
2014-12-02,1284.7
2014-12-03,1295.8
2014-12-04,1294.2
2014-12-05,1280.8
2014-12-08,1284.4
2014-12-09,1320.2
2014-12-10,1315.5
2014-12-11,1312.3
2014-12-12,1303.5
2014-12-15,1287.7
2014-12-16,1272
2014-12-17,1272.3
2014-12-18,1273.9
2014-12-19,1275.6
2014-12-22,1259.7
2014-12-23,1259.7
2014-12-24,1255.6
2014-12-25,1177
2014-12-26,1277.7
2014-12-29,1262.9
2014-12-30,1281.9
2014-12-31,1265.4
2015-01-01,1186.8
2015-01-02,1267.7
2015-01-05,1283.5
2015-01-06,1292.2
2015-01-07,1283.6
2015-01-08,1281.6
2015-01-09,1287.4
2015-01-12,1303.2
2015-01-13,1304.5
2015-01-14,1294.5
2015-01-15,1322.8
2015-01-16,1334.9
2015-01-18,1279
2015-01-19,1275.9
2015-01-20,1352.4
2015-01-21,1353.4
2015-01-22,1365.2
2015-01-23,1357.6
2015-01-26,1345.6
2015-01-27,1354.7
2015-01-28,1346.9
2015-01-29,1315.8
2015-01-30,1336.6
2015-02-02,1334.4
2015-02-03,1319.3
2015-02-04,1325.4
2015-02-05,1323.9
2015-02-06,1301.6
2015-02-09,1308.9
2015-02-10,1300.2
2015-02-11,1288.2
2015-02-12,1287.7
2015-02-13,1294.2
2015-02-15,1228.8
2015-02-16,1231.7
2015-02-17,1278.9
2015-02-18,1270.5
2015-02-19,1275.9
2015-02-20,1272.2
2015-02-23,1267.7
2015-02-24,1262.1
2015-02-25,1265
2015-02-26,1275.1
2015-02-27,1278.4
2015-03-02,1274.8
2015-03-03,1273.2
2015-03-04,1269.6
2015-03-05,1265.1
2015-03-06,1234.6
2015-03-09,1237
2015-03-10,1227.1
2015-03-11,1217.4
2015-03-12,1218
2015-03-13,1217.9
2015-03-16,1218.3
2015-03-17,1213.5
2015-03-18,1216.5
2015-03-19,1228.5
2015-03-20,1243.7
2015-03-23,1246.5
2015-03-24,1250.2
2015-03-25,1256.3
2015-03-26,1266
2015-03-27,1260.9
2015-03-30,1245.4
2015-03-31,1241.2
2015-04-01,1263.2
2015-04-02,1257.2
2015-04-03,1257.2
2015-04-06,1274.4
2015-04-07,1267.4
2015-04-08,1260.1
2015-04-09,1250.6
2015-04-10,1262.3
2015-04-13,1256.8
2015-04-14,1247.1
2015-04-15,1255.5
2015-04-16,1252
2015-04-17,1257.1
2015-04-20,1248.3
2015-04-21,1258.1
2015-04-22,1243.7
2015-04-23,1251
2015-04-24,1229.4
2015-04-27,1258.2
2015-04-28,1270.4
2015-04-29,1269
2015-04-30,1242
2015-05-01,1235.1
2015-05-04,1248
2015-05-05,1257.2
2015-05-06,1255.7
2015-05-07,1247.5
2015-05-08,1251.5
2015-05-11,1246.3
2015-05-12,1256
2015-05-13,1281.2
2015-05-14,1288
2015-05-15,1287.9
2015-05-18,1290.2
2015-05-19,1270.4
2015-05-20,1272.5
2015-05-21,1267.1
2015-05-22,1268.7
2015-05-24,1204.4
2015-05-25,1207.4
2015-05-26,1251.2
2015-05-27,1249.6
2015-05-28,1251.5
2015-05-29,1251.7
2015-06-01,1251.4
2015-06-02,1258.8
2015-06-03,1250.9
2015-06-04,1241.1
2015-06-05,1237.6
2015-06-08,1243
2015-06-09,1247.8
2015-06-10,1259.6
2015-06-11,1253.6
2015-06-12,1252
2015-06-15,1256.8
2015-06-16,1250.4
2015-06-17,1247.9
2015-06-18,1271.8
2015-06-19,1270.4
2015-06-22,1253.1
2015-06-23,1245.8
2015-06-24,1242
2015-06-25,1241.3
2015-06-26,1244.1
2015-06-29,1249
2015-06-30,1241.8
2015-07-01,1239.5
2015-07-02,1232.5
2015-07-03,1167.8
2015-07-06,1241.6
2015-07-07,1220.5
2015-07-08,1229.6
2015-07-09,1226.1
2015-07-10,1227.6
2015-07-13,1226
2015-07-14,1223.4
2015-07-15,1217.3
2015-07-16,1214.2
2015-07-17,1201.7
2015-07-20,1176.5
2015-07-21,1170.5
2015-07-22,1158.6
2015-07-23,1161.1
2015-07-24,1151
2015-07-27,1161.6
2015-07-28,1161.6
2015-07-29,1158.5
2015-07-30,1154.4
2015-07-31,1154.1
2015-08-03,1147.8
2015-08-04,1149.7
2015-08-05,1148.1
2015-08-06,1152.6
2015-08-07,1156.8
2015-08-10,1166.8
2015-08-11,1168.7
2015-08-12,1184
2015-08-13,1176.1
2015-08-14,1173.3
2015-08-17,1178.9
2015-08-18,1177.3
2015-08-19,1188.1
2015-08-20,1213.2
2015-08-21,1217.8
2015-08-24,1209.9
2015-08-25,1194.7
2015-08-26,1180
2015-08-27,1178.2
2015-08-28,1189.4
2015-08-31,1187.9
2015-09-01,1192.3
2015-09-02,1185.4
2015-09-03,1174.5
2015-09-04,1171.5
2015-09-06,1119.9
2015-09-07,1119.9
2015-09-08,1170.9
2015-09-09,1151.7
2015-09-10,1158.9
2015-09-11,1152.9
2015-09-14,1156.7
2015-09-15,1151.5
2015-09-16,1168.6
2015-09-17,1167.2
2015-09-18,1186.5
2015-09-21,1181.8
2015-09-22,1172.7
2015-09-23,1179.4
2015-09-24,1200.7
2015-09-25,1192.6
2015-09-28,1178.2
2015-09-29,1172.9
2015-09-30,1158.4
2015-10-01,1156.9
2015-10-02,1179
2015-10-05,1178.3
2015-10-06,1186.4
2015-10-07,1189.1
2015-10-08,1185
2015-10-09,1197.5
2015-10-12,1206.2
2015-10-13,1206.9
2015-10-14,1219.3
2015-10-15,1227.1
2015-10-16,1222.3
2015-10-19,1212
2015-10-20,1216.6
2015-10-21,1205.4
2015-10-22,1204.1
2015-10-23,1200.1
2015-10-26,1201.7
2015-10-27,1199.8
2015-10-28,1210.9
2015-10-29,1183.4
2015-10-30,1176.8
2015-11-02,1172
2015-11-03,1150.2
2015-11-04,1142.8
2015-11-05,1141.7
2015-11-06,1129.5
2015-11-09,1130.8
2015-11-10,1131
2015-11-11,1127
2015-11-12,1122.9
2015-11-13,1122.9
2015-11-16,1124.1
2015-11-17,1108.5
2015-11-18,1108.5
2015-11-19,1117.2
2015-11-20,1115.4
2015-11-23,1106.3
2015-11-24,1113.2
2015-11-25,1110
2015-11-26,1070.8
2015-11-27,1096.5
2015-11-30,1105.9
2015-12-01,1104
2015-12-02,1094.4
2015-12-03,1102.6
2015-12-04,1125.2
2015-12-07,1116.3
2015-12-08,1116.4
2015-12-09,1117.3
2015-12-10,1112.7
2015-12-11,1116.2
2015-12-14,1103.8
2015-12-15,1102.2
2015-12-16,1117.7
2015-12-17,1090.5
2015-12-18,1105.7
2015-12-21,1122.9
2015-12-22,1116.4
2015-12-23,1110.6
2015-12-24,1118.3
2015-12-28,1110.5
2015-12-29,1111
2015-12-30,1103.2
2015-12-31,1103.4
2016-01-04,1118.1
2016-01-05,1121
2016-01-06,1134.5
2016-01-07,1145.3
2016-01-08,1134.9
2016-01-11,1131.7
2016-01-12,1120.3
2016-01-13,1120.6
2016-01-14,1106.4
2016-01-15,1121.6
2016-01-17,1090.3
2016-01-18,1088.5
2016-01-19,1119.9
2016-01-20,1135.8
2016-01-21,1127.7
2016-01-22,1126.7
2016-01-25,1136.5
2016-01-26,1151.4
2016-01-27,1148
2016-01-28,1147.8
2016-01-29,1146.2
2016-02-01,1157.8
2016-02-02,1156.4
2016-02-03,1169.6
2016-02-04,1184
2016-02-05,1184.3
2016-02-08,1224.5
2016-02-09,1223.4
2016-02-10,1219.3
2016-02-11,1268.8
2016-02-12,1257.9
2016-02-14,1233.6
2016-02-15,1208.1
2016-02-16,1227.8
2016-02-17,1233.9
2016-02-18,1249.2
2016-02-19,1254.1
2016-02-22,1233.4
2016-02-23,1248.1
2016-02-24,1263.8
2016-02-25,1263.7
2016-02-26,1245.5
2016-02-29,1260
2016-03-01,1257.9
2016-03-02,1269.7
2016-03-03,1287.4
2016-03-04,1302.3
2016-03-07,1297
2016-03-08,1295.7
2016-03-09,1290.1
2016-03-10,1306.8
2016-03-11,1295.3
2016-03-14,1281.1
2016-03-15,1266.9
2016-03-16,1267.6
2016-03-17,1300.8
2016-03-18,1288.7
2016-03-21,1279.4
2016-03-22,1285.5
2016-03-23,1260.7
2016-03-24,1259.1
2016-03-25,1216.7
2016-03-28,1257.4
2016-03-29,1273
2016-03-30,1263.6
2016-03-31,1267.6
2016-04-01,1255.6
2016-04-04,1251.4
2016-04-05,1261.2
2016-04-06,1255.5
2016-04-07,1269
2016-04-08,1274
2016-04-11,1289.1
2016-04-12,1293.1
2016-04-13,1280.6
2016-04-14,1258.8
2016-04-15,1266.4
2016-04-18,1267
2016-04-19,1287.5
2016-04-20,1289
2016-04-21,1286.2
2016-04-22,1265.5
2016-04-25,1275.8
2016-04-26,1279.1
2016-04-27,1286.5
2016-04-28,1303.1
2016-04-29,1327.7
2016-05-02,1333.6
2016-05-03,1329.1
2016-05-04,1310.6
2016-05-05,1307.1
2016-05-06,1329.4
2016-05-09,1302.2
2016-05-10,1300.6
2016-05-11,1311.9
2016-05-12,1307
2016-05-13,1308.8
2016-05-16,1311.1
2016-05-17,1314.2
2016-05-18,1313.6
2016-05-19,1295.2
2016-05-20,1295.2
2016-05-23,1294.2
2016-05-24,1272
2016-05-25,1266.7
2016-05-26,1262.9
2016-05-27,1256.9
2016-05-30,1212.15
2016-05-31,1258.6
2016-06-01,1256.5
2016-06-02,1254.2
2016-06-03,1283.9
2016-06-06,1288.7
2016-06-07,1288.1
2016-06-08,1303.3
2016-06-09,1313.7
2016-06-10,1317
2016-06-13,1328.1
2016-06-14,1325.6
2016-06-15,1326
2016-06-16,1336.6
2016-06-17,1333.9
2016-06-20,1333.8
2016-06-21,1314.2
2016-06-22,1311.7
2016-06-23,1306.6
2016-06-24,1365.7
2016-06-27,1367.7
2016-06-28,1361.1
2016-06-29,1370.3
2016-06-30,1363.9
2016-07-01,1383.2
2016-07-03,1345.5
2016-07-04,1352
2016-07-05,1403.3
2016-07-06,1411.7
2016-07-07,1405.5
2016-07-08,1402.5
2016-07-11,1401.8
2016-07-12,1381.2
2016-07-13,1389.5
2016-07-14,1378.2
2016-07-15,1374
2016-07-18,1375.9
2016-07-19,1379.3
2016-07-20,1366.7
2016-07-21,1379.2
2016-07-22,1372.5
2016-07-25,1368.3
2016-07-26,1369.6
2016-07-27,1378.1
2016-07-28,1384.9
2016-07-29,1401.8
2016-08-01,1402.3
2016-08-02,1415.5
2016-08-03,1410
2016-08-04,1414
2016-08-05,1394
2016-08-08,1391.4
2016-08-09,1396.7
2016-08-10,1401.7
2016-08-11,1400.1
2016-08-12,1392.9
2016-08-15,1396.7
2016-08-16,1405.1
2016-08-17,1396.7
2016-08-18,1405.2
2016-08-19,1394.1
2016-08-22,1391.3
2016-08-23,1393.9
2016-08-24,1376.5
2016-08-25,1370.1
2016-08-26,1369.3
2016-08-29,1370.5
2016-08-30,1360.6
2016-08-31,1354
2016-09-01,1359
2016-09-02,1371.7
2016-09-04,1326.25
2016-09-05,1331.1
2016-09-06,1397.5
2016-09-07,1393.5
2016-09-08,1386.6
2016-09-09,1379.5
2016-09-12,1370.8
2016-09-13,1367.2
2016-09-14,1369.7
2016-09-15,1361.3
2016-09-16,1353.5
2016-09-19,1360.8
2016-09-20,1361.3
2016-09-21,1374.9
2016-09-22,1386.7
2016-09-23,1383.7
2016-09-26,1386.6
2016-09-27,1372.7
2016-09-28,1365.6
2016-09-29,1368
2016-09-30,1359.3
2016-10-03,1354.8
2016-10-04,1311
2016-10-05,1310.2
2016-10-06,1294.4
2016-10-07,1293.4
2016-10-10,1302.8
2016-10-11,1298.4
2016-10-12,1296.6
2016-10-13,1301.2
2016-10-14,1299.3
2016-10-17,1300.7
2016-10-18,1307.5
2016-10-19,1314.3
2016-10-20,1312.6
2016-10-21,1312.1
2016-10-24,1306.3
2016-10-25,1317.7
2016-10-26,1310.7
2016-10-27,1315.6
2016-10-28,1322.7
2016-10-31,1319.3
2016-11-01,1334.4
2016-11-02,1354.4
2016-11-03,1350.2
2016-11-04,1352.1
2016-11-07,1326.8
2016-11-08,1322.6
2016-11-09,1322.1
2016-11-10,1313
2016-11-11,1269.1
2016-11-14,1271.7
2016-11-15,1275.7
2016-11-16,1275.1
2016-11-17,1268.6
2016-11-18,1261.2
2016-11-21,1261.6
2016-11-22,1262.8
2016-11-23,1241.7
2016-11-24,1185.55
2016-11-25,1230.3
2016-11-28,1243.4
2016-11-29,1240.3
2016-11-30,1223.2
2016-12-01,1218.5
2016-12-02,1227.2
2016-12-05,1226.5
2016-12-06,1219.8
2016-12-07,1231.4
2016-12-08,1227.2
2016-12-09,1216.8
2016-12-12,1221.1
2016-12-13,1214.4
2016-12-14,1219.1
2016-12-15,1190.8
2016-12-16,1198.6
2016-12-19,1203.6
2016-12-20,1194.7
2016-12-21,1194.2
2016-12-22,1191.5
2016-12-23,1194.5
2016-12-25,1135
2016-12-26,1134.55
2016-12-27,1199.6
2016-12-28,1201.7
2016-12-29,1218.9
2016-12-30,1212.2
2017-01-02,1151.05
2017-01-03,1222.4
2017-01-04,1224.8
2017-01-05,1239.8
2017-01-06,1233.4
2017-01-09,1245.3
2017-01-10,1246.2
2017-01-11,1257.7
2017-01-12,1261
2017-01-13,1259
2017-01-15,1203.35
2017-01-16,1202.85
2017-01-17,1275.1
2017-01-18,1273.4
2017-01-19,1263.2
2017-01-20,1266.9
2017-01-23,1276.6
2017-01-24,1271.8
2017-01-25,1258.8
2017-01-26,1250.6
2017-01-27,1249.4
2017-01-30,1254.1
2017-01-31,1269.5
2017-02-01,1267.2
2017-02-02,1278.3
2017-02-03,1279.9
2017-02-06,1291
2017-02-07,1294.1
2017-02-08,1296
2017-02-09,1293.1
2017-02-10,1292.2
2017-02-13,1282.6
2017-02-14,1282.6
2017-02-15,1291.9
2017-02-16,1300.4
2017-02-17,1297.1
2017-02-19,1237.3
2017-02-20,1238.2
2017-02-21,1296.9
2017-02-22,1291
2017-02-23,1309.4
2017-02-24,1316.1
2017-02-27,1316.8
2017-02-28,1312
2017-03-01,1308.8
2017-03-02,1291.6
2017-03-03,1286.5
2017-03-06,1285
2017-03-07,1275.4
2017-03-08,1269.6
2017-03-09,1263.4
2017-03-10,1261.7
2017-03-13,1264.3
2017-03-14,1264
2017-03-15,1262
2017-03-16,1288.4
2017-03-17,1291.3
2017-03-20,1294.9
2017-03-21,1306.7
2017-03-22,1309.2
2017-03-23,1306.2
2017-03-24,1308.1
2017-03-27,1315.1
2017-03-28,1315.2
2017-03-29,1313.2
2017-03-30,1304.4
2017-03-31,1307.5
2017-04-03,1310.4
2017-04-04,1314.5
2017-04-05,1304.6
2017-04-06,1309.5
2017-04-07,1313.9
2017-04-10,1310.4
2017-04-11,1330.5
2017-04-12,1334.4
2017-04-13,1343.8
2017-04-14,1289.65
2017-04-17,1346.9
2017-04-18,1348
2017-04-19,1337.6
2017-04-20,1338.8
2017-04-21,1344.1
2017-04-24,1332.9
2017-04-25,1323.1
2017-04-26,1320.1
2017-04-27,1321.8
2017-04-28,1324.2
2017-05-01,1311.7
2017-05-02,1313.2
2017-05-03,1304.7
2017-05-04,1284.5
2017-05-05,1282.9
2017-05-08,1283.2
2017-05-09,1272.2
2017-05-10,1274.7
2017-05-11,1280
2017-05-12,1282.8
2017-05-15,1285.1
2017-05-16,1291.5
2017-05-17,1313.3
2017-05-18,1306.3
2017-05-19,1307
2017-05-22,1315.1
2017-05-23,1309.2
2017-05-24,1306.8
2017-05-25,1310.4
2017-05-26,1321.9
2017-05-28,1268.22
2017-05-29,1266.69
2017-05-30,1316.2
2017-05-31,1325.6
2017-06-01,1320.3
2017-06-02,1330.2
2017-06-05,1332.7
2017-06-06,1347.1
2017-06-07,1342.7
2017-06-08,1329
2017-06-09,1321
2017-06-12,1318.6
2017-06-13,1318.3
2017-06-14,1325.3
2017-06-15,1303.9
2017-06-16,1305.8
2017-06-19,1296.1
2017-06-20,1292.5
2017-06-21,1294.6
2017-06-22,1298.1
2017-06-23,1305.4
2017-06-26,1295.4
2017-06-27,1296.1
2017-06-28,1298.5
2017-06-29,1295.4
2017-06-30,1291.7
2017-07-03,1268.6
2017-07-04,1227.55
2017-07-05,1271.6
2017-07-06,1274.4
2017-07-07,1260.1
2017-07-10,1263.7
2017-07-11,1265.4
2017-07-12,1268.9
2017-07-13,1266.2
2017-07-14,1276.5
2017-07-17,1283.1
2017-07-18,1291.2
2017-07-19,1291.4
2017-07-20,1294.8
2017-07-21,1303.6
2017-07-24,1303.1
2017-07-25,1300.9
2017-07-26,1298.9
2017-07-27,1310.2
2017-07-28,1319.1
2017-07-31,1317.2
2017-08-01,1323
2017-08-02,1322.2
2017-08-03,1318.3
2017-08-04,1308.4
2017-08-07,1308.7
2017-08-08,1307.1
2017-08-09,1323.7
2017-08-10,1334.5
2017-08-11,1338.1
2017-08-14,1334.8
2017-08-15,1324.2
2017-08-16,1327.5
2017-08-17,1336.8
2017-08-18,1335.7
2017-08-21,1341
2017-08-22,1335.5
2017-08-23,1338.8
2017-08-24,1336
2017-08-25,1341.9
2017-08-28,1359.7
2017-08-29,1362.8
2017-08-30,1358
2017-08-31,1365.6
2017-09-01,1374.2
2017-09-03,1341.22
2017-09-04,1338.08
2017-09-05,1388.3
2017-09-06,1383
2017-09-07,1395.1
2017-09-08,1396.4
2017-09-11,1381.2
2017-09-12,1378.9
2017-09-13,1373.8
2017-09-14,1376.3
2017-09-15,1372.2
2017-09-18,1357.4
2017-09-19,1358.3
2017-09-20,1364
2017-09-21,1342.4
2017-09-22,1345.1
2017-09-25,1359.2
2017-09-26,1349.7
2017-09-27,1336.3
2017-09-28,1336.9
2017-09-29,1333.2
2017-10-02,1324.7
2017-10-03,1323.4
2017-10-04,1325.6
2017-10-05,1322.6
2017-10-06,1324.3
2017-10-09,1334.7
2017-10-10,1343.7
2017-10-11,1338.8
2017-10-12,1346.6
2017-10-13,1354.7
2017-10-16,1353.9
2017-10-17,1336.7
2017-10-18,1333.5
2017-10-19,1340.1
2017-10-20,1330.4
2017-10-23,1331.1
2017-10-24,1328.4
2017-10-25,1329.7
2017-10-26,1320.3
2017-10-27,1322
2017-10-30,1327.8
2017-10-31,1320.6
2017-11-01,1327.5
2017-11-02,1328.3
2017-11-03,1319.8
2017-11-06,1332.4
2017-11-07,1326.5
2017-11-08,1334.9
2017-11-09,1339.4
2017-11-10,1327.1
2017-11-13,1332.5
2017-11-14,1336.3
2017-11-15,1330.8
2017-11-16,1331.5
2017-11-17,1350.1
2017-11-20,1329.4
2017-11-21,1336.5
2017-11-22,1347.1
2017-11-23,1291.66
2017-11-24,1342.3
2017-11-27,1349.4
2017-11-28,1349.7
2017-11-29,1337.1
2017-11-30,1328
2017-12-01,1333.5
2017-12-04,1328.7
2017-12-05,1315.8
2017-12-06,1316.9
2017-12-07,1303.7
2017-12-08,1298.8
2017-12-11,1297.5
2017-12-12,1292.6
2017-12-13,1299.4
2017-12-14,1307.9
2017-12-15,1308.1
2017-12-18,1316.3
2017-12-19,1315.5
2017-12-20,1321.1
2017-12-21,1322
2017-12-22,1330.5
2017-12-25,1277.9
2017-12-26,1339.2
2017-12-27,1343
2017-12-28,1350.1
2017-12-29,1362.6
2018-01-01,1308.7
2018-01-02,1370.5
2018-01-03,1374.2
2018-01-04,1377.4
2018-01-05,1378.4
2018-01-08,1376.8
2018-01-09,1370
2018-01-10,1377
2018-01-11,1380.1
2018-01-12,1394.4
2018-01-14,1337.4
2018-01-15,1341.8
2018-01-16,1396.8
2018-01-17,1399.7
2018-01-18,1387.4
2018-01-19,1394.3
2018-01-22,1394
2018-01-23,1398.2
2018-01-24,1419.1
2018-01-25,1425.9
2018-01-26,1416
2018-01-29,1403.6
2018-01-30,1398.5
2018-01-31,1401.7
2018-02-01,1406.7
2018-02-02,1396.2
2018-02-05,1394.5
2018-02-06,1387
2018-02-07,1372.3
2018-02-08,1376.4
2018-02-09,1372.3
2018-02-12,1383.1
2018-02-13,1387
2018-02-14,1415.1
2018-02-15,1413.7
2018-02-16,1415
2018-02-18,1350.5
2018-02-19,1347.8
2018-02-20,1390.1
2018-02-21,1392.3
2018-02-22,1393.1
2018-02-23,1390.7
2018-02-26,1394.8
2018-02-27,1381.3
2018-02-28,1380.8
2018-03-01,1367.6
2018-03-02,1385.8
2018-03-05,1382.1
2018-03-06,1397.5
2018-03-07,1389.5
2018-03-08,1384
2018-03-09,1386.9
2018-03-12,1383.7
2018-03-13,1390.3
2018-03-14,1388.6
2018-03-15,1380.6
2018-03-16,1375.2
2018-03-19,1380.6
2018-03-20,1375.1
2018-03-21,1385.5
2018-03-22,1391.1
2018-03-23,1413.9
2018-03-26,1419.9
2018-03-27,1406.7
2018-03-28,1387.8
2018-03-29,1384.9
2018-04-02,1404.7
2018-04-03,1395.4
2018-04-04,1398.6
2018-04-05,1387
2018-04-06,1394.8
2018-04-09,1398.5
2018-04-10,1404.4
2018-04-11,1418.9
2018-04-12,1400.3
2018-04-13,1406.6
2018-04-16,1409.3
2018-04-17,1408
2018-04-18,1412.2
2018-04-19,1407.5
2018-04-20,1396.9
2018-04-23,1382.7
2018-04-24,1391.8
2018-04-25,1381.6
2018-04-26,1376.7
2018-04-27,1382.3
2018-04-30,1377.8
2018-05-01,1365.1
2018-05-02,1364
2018-05-03,1371.1
2018-05-04,1373.4
2018-05-07,1372.9
2018-05-08,1372.5
2018-05-09,1371.7
2018-05-10,1380.8
2018-05-11,1379.1
2018-05-14,1376.6
2018-05-15,1348.5
2018-05-16,1350.1
2018-05-17,1347.9
2018-05-18,1349.2
2018-05-21,1349
2018-05-22,1350
2018-05-23,1347.4
2018-05-24,1362.4
2018-05-25,1361.4
2018-05-27,1298.3
2018-05-28,1297.6
2018-05-29,1354.6
2018-05-30,1357.6
2018-05-31,1355.9
2018-06-01,1350.9
2018-06-04,1349.4
2018-06-05,1354.1
2018-06-06,1353.5
2018-06-07,1354.4
2018-06-08,1354.4
2018-06-11,1355.5
2018-06-12,1351.8
2018-06-13,1353.5
2018-06-14,1360.6
2018-06-15,1329.3
2018-06-18,1331.1
2018-06-19,1329.2
2018-06-20,1325.3
2018-06-21,1321
2018-06-22,1321.3
2018-06-25,1319.2
2018-06-26,1309.6
2018-06-27,1305.7
2018-06-28,1300.2
2018-06-29,1303.9
2018-07-02,1289.9
2018-07-03,1302.4
2018-07-04,1258.1
2018-07-05,1307.6
2018-07-06,1304.8
2018-07-09,1309
2018-07-10,1305.1
2018-07-11,1293.3
2018-07-12,1295.4
2018-07-13,1289.7
2018-07-16,1288.2
2018-07-17,1275.3
2018-07-18,1275.7
2018-07-19,1271.1
2018-07-20,1277.5
2018-07-23,1271.4
2018-07-24,1271.5
2018-07-25,1277.4
2018-07-26,1271.8
2018-07-27,1269.3
2018-07-30,1268
2018-07-31,1270.1
2018-08-01,1264.3
2018-08-02,1256.5
2018-08-03,1259.7
2018-08-06,1254.1
2018-08-07,1254.7
2018-08-08,1257.3
2018-08-09,1256.3
2018-08-10,1255.1
2018-08-13,1234.6
2018-08-14,1236.4
2018-08-15,1220.2
2018-08-16,1219.2
2018-08-17,1219.3
2018-08-20,1229.6
2018-08-21,1234.9
2018-08-22,1238.2
2018-08-23,1228.4
2018-08-24,1248.2
2018-08-27,1251.2
2018-08-28,1249.6
2018-08-29,1246.5
2018-08-30,1239.5
2018-08-31,1241.1
2018-09-02,1204.9
2018-09-03,1206.3
2018-09-04,1233.6
2018-09-05,1236
2018-09-06,1239.1
2018-09-07,1235.5
2018-09-10,1235
2018-09-11,1237.6
2018-09-12,1246.6
2018-09-13,1243.8
2018-09-14,1236.6
2018-09-17,1241.2
2018-09-18,1238.3
2018-09-19,1244.1
2018-09-20,1247
2018-09-21,1236.9
2018-09-24,1240
2018-09-25,1240.8
2018-09-26,1234.4
2018-09-27,1222.4
2018-09-28,1231.3
2018-10-01,1227
2018-10-02,1242.7
2018-10-03,1238.7
2018-10-04,1237.5
2018-10-05,1242.2
2018-10-08,1224.9
2018-10-09,1227.8
2018-10-10,1229.4
2018-10-11,1264
2018-10-12,1258.1
2018-10-15,1266.9
2018-10-16,1267.3
2018-10-17,1263.4
2018-10-18,1266.6
2018-10-19,1265.3
2018-10-22,1261.3
2018-10-23,1273.5
2018-10-24,1267.6
2018-10-25,1269
2018-10-26,1272.3
2018-10-29,1263.7
2018-10-30,1261.5
2018-10-31,1250.8
2018-11-01,1274.8
2018-11-02,1269.9
2018-11-05,1269
2018-11-06,1263
2018-11-07,1265.4
2018-11-08,1262
2018-11-09,1245
2018-11-12,1239.6
2018-11-13,1237.5
2018-11-14,1246.2
2018-11-15,1251.7
2018-11-16,1259
2018-11-19,1261.6
2018-11-20,1257.5
2018-11-21,1264.7
2018-11-22,1228
2018-11-23,1260
2018-11-26,1259.7
2018-11-27,1250.4
2018-11-28,1260.2
2018-11-29,1260.8
2018-11-30,1256.5
2018-12-03,1270.2
2018-12-04,1277.4
2018-12-05,1273.4
2018-12-06,1274.3
2018-12-07,1283.6
2018-12-10,1280
2018-12-11,1278.1
2018-12-12,1281
2018-12-13,1278.4
2018-12-14,1272.2
2018-12-17,1282.6
2018-12-18,1284
2018-12-19,1286.8
2018-12-20,1298.6
2018-12-21,1288.6
2018-12-24,1302.4
2018-12-25,1270.75
2018-12-26,1303.7
2018-12-27,1311.9
2018-12-28,1313.7
2018-12-31,1312.5
2019-01-01,1283.35
2019-01-02,1315.3
2019-01-03,1326.1
2019-01-04,1317.4
2019-01-07,1321.5
2019-01-08,1317.4
2019-01-09,1323.5
2019-01-10,1319.2
2019-01-11,1321.3
2019-01-14,1323.3
2019-01-15,1319.7
2019-01-16,1325.1
2019-01-17,1323.6
2019-01-18,1313.8
2019-01-20,1282.05
2019-01-21,1279.05
2019-01-22,1314.2
2019-01-23,1315.2
2019-01-24,1310.8
2019-01-25,1329.1
2019-01-28,1334.5
2019-01-29,1340.2
2019-01-30,1340.5
2019-01-31,1350
2019-02-01,1347.1
2019-02-04,1344.3
2019-02-05,1344.6
2019-02-06,1339.7
2019-02-07,1339.4
2019-02-08,1343.7
2019-02-11,1337
2019-02-12,1338.9
2019-02-13,1340.1
2019-02-14,1338.7
2019-02-15,1346.8
2019-02-17,1324.25
2019-02-18,1329.55
2019-02-19,1369.6
2019-02-20,1372.5
2019-02-21,1352.4
2019-02-22,1357.6
2019-02-25,1354.2
2019-02-26,1353.4
2019-02-27,1346
2019-02-28,1341
2019-03-01,1323.8
2019-03-04,1311.9
2019-03-05,1309.1
2019-03-06,1312.2
2019-03-07,1310.7
2019-03-08,1324.3
2019-03-11,1315.7
2019-03-12,1322.4
2019-03-13,1333.8
2019-03-14,1319.4
2019-03-15,1327.1
2019-03-18,1325.8
2019-03-19,1330.9
2019-03-20,1325.8
2019-03-21,1331.6
2019-03-22,1336.5
2019-03-25,1346.7
2019-03-26,1339.2
2019-03-27,1334.7
2019-03-28,1313.3
2019-03-29,1316.5
2019-04-01,1312.4
2019-04-02,1313.4
2019-04-03,1313.3
2019-04-04,1312.2
2019-04-05,1313.7
2019-04-08,1319.9
2019-04-09,1326.3
2019-04-10,1331.9
2019-04-11,1311.3
2019-04-12,1313.4
2019-04-15,1309.4
2019-04-16,1295.2
2019-04-17,1294.7
2019-04-18,1294.1
2019-04-19,1277.9
2019-04-22,1295.8
2019-04-23,1291.2
2019-04-24,1297.4
2019-04-25,1297.7
2019-04-26,1306.8
2019-04-29,1299.4
2019-04-30,1303.6
2019-05-01,1302.2
2019-05-02,1289.9
2019-05-03,1299.2
2019-05-06,1301.8
2019-05-07,1303.6
2019-05-08,1299.5
2019-05-09,1303.2
2019-05-10,1305.3
2019-05-13,1319.5
2019-05-14,1313.6
2019-05-15,1315.1
2019-05-16,1303.5
2019-05-17,1293
2019-05-20,1294.6
2019-05-21,1290.4
2019-05-22,1291.4
2019-05-23,1302.7
2019-05-24,1301
2019-05-26,1284.15
2019-05-27,1284.95
2019-05-28,1294.3
2019-05-29,1297.9
2019-05-30,1304.1
2019-05-31,1322.6
2019-06-03,1339.3
2019-06-04,1340.1
2019-06-05,1344.9
2019-06-06,1354
2019-06-07,1357.4
2019-06-10,1340.7
2019-06-11,1342.7
2019-06-12,1348.2
2019-06-13,1355.1
2019-06-14,1355.9
2019-06-17,1354.2
2019-06-18,1362.1
2019-06-19,1360.1
2019-06-20,1408.3
2019-06-21,1411.2
2019-06-24,1429.5
2019-06-25,1430.1
2019-06-26,1426.8
2019-06-27,1423.4
2019-06-28,1425.1
2019-07-01,1400.8
2019-07-02,1419.8
2019-07-03,1432.9
2019-07-04,1423.55
2019-07-05,1412.1
2019-07-08,1412.2
2019-07-09,1412.8
2019-07-10,1424.9
2019-07-11,1419.3
2019-07-12,1424.8
2019-07-15,1426.1
2019-07-16,1423.6
2019-07-17,1435.9
2019-07-18,1440.8
2019-07-19,1439.4
2019-07-22,1439.7
2019-07-23,1434.5
2019-07-24,1436.5
2019-07-25,1427.5
2019-07-26,1432.2
2019-07-29,1433.3
2019-07-30,1441.8
2019-07-31,1437.8
2019-08-01,1432.4
2019-08-02,1457.5
2019-08-05,1476.5
2019-08-06,1484.2
2019-08-07,1519.6
2019-08-08,1509.5
2019-08-09,1508.5
2019-08-12,1517.2
2019-08-13,1514.1
2019-08-14,1527.8
2019-08-15,1531.2
2019-08-16,1523.6
2019-08-19,1511.6
2019-08-20,1515.7
2019-08-21,1515.7
2019-08-22,1508.5
2019-08-23,1537.6
2019-08-26,1537.2
2019-08-27,1551.8
2019-08-28,1549.1
2019-08-29,1536.9
2019-08-30,1529.4
2019-09-01,1538.05
2019-09-02,1535.15
2019-09-03,1555.9
2019-09-04,1560.4
2019-09-05,1525.5
2019-09-06,1515.5
2019-09-09,1511.1
2019-09-10,1499.2
2019-09-11,1503.2
2019-09-12,1507.4
2019-09-13,1499.5
2019-09-16,1511.5
2019-09-17,1513.4
2019-09-18,1515.8
2019-09-19,1506.2
2019-09-20,1515.1
2019-09-23,1531.5
2019-09-24,1540.2
2019-09-25,1512.3
2019-09-26,1515.2
2019-09-27,1506.4
2019-09-30,1472.9
2019-10-01,1489
2019-10-02,1507.9
2019-10-03,1513.8
2019-10-04,1512.9
2019-10-07,1504.4
2019-10-08,1503.9
2019-10-09,1512.8
2019-10-10,1500.9
2019-10-11,1488.7
2019-10-14,1497.6
2019-10-15,1483.5
2019-10-16,1494
2019-10-17,1498.3
2019-10-18,1494.1
2019-10-21,1488.1
2019-10-22,1487.5
2019-10-23,1495.7
2019-10-24,1504.7
2019-10-25,1505.3
2019-10-28,1495.8
2019-10-29,1490.7
2019-10-30,1496.7
2019-10-31,1514.8
2019-11-01,1511.4
2019-11-04,1511.1
2019-11-05,1483.7
2019-11-06,1493.1
2019-11-07,1466.4
2019-11-08,1462.9
2019-11-11,1457.1
2019-11-12,1460.6
2019-11-13,1470.2
2019-11-14,1480.2
2019-11-15,1475.4
2019-11-18,1478.8
2019-11-19,1481.2
2019-11-20,1481
2019-11-21,1470.5
2019-11-22,1470.5
2019-11-25,1463.8
2019-11-26,1467.4
2019-11-27,1460.8
2019-11-28,1462.25
2019-11-29,1472.7
2019-12-02,1469.2
2019-12-03,1484.4
2019-12-04,1480.2
2019-12-05,1483.1
2019-12-06,1465.1
2019-12-08,1464.45
2019-12-09,1465.45
2019-12-10,1466.7
