Date,em
2007-01-03,38.38
2007-01-04,37.85
2007-01-05,36.7433
2007-01-08,37.01
2007-01-09,36.1833
2007-01-10,36.1
2007-01-11,36.5566
2007-01-12,37.3
2007-01-16,37.4333
2007-01-17,37.2766
2007-01-18,36.8833
2007-01-19,37.5466
2007-01-22,37.5033
2007-01-23,38.3566
2007-01-24,38.69
2007-01-25,37.5
2007-01-26,37.73
2007-01-29,37.23
2007-01-30,37.8066
2007-01-31,38.1
2007-02-01,38.5666
2007-02-02,38.45
2007-02-05,38.4866
2007-02-06,38.8666
2007-02-07,38.7166
2007-02-08,38.51
2007-02-09,38.05
2007-02-12,37.79
2007-02-13,38.39
2007-02-14,39.2166
2007-02-15,39.24
2007-02-16,39.33
2007-02-20,39.4333
2007-02-21,39.55
2007-02-22,39.5
2007-02-23,39.1666
2007-02-26,39.15
2007-02-27,35.9666
2007-02-28,36.5833
2007-03-01,36.3366
2007-03-02,35.9866
2007-03-05,35.0966
2007-03-06,36.62
2007-03-07,36.3666
2007-03-08,37.26
2007-03-09,37.3966
2007-03-12,37.5933
2007-03-13,36.3666
2007-03-14,36.79
2007-03-15,37.09
2007-03-16,36.75
2007-03-19,37.6
2007-03-20,37.7833
2007-03-21,38.96
2007-03-22,38.7933
2007-03-23,39.01
2007-03-26,38.8766
2007-03-27,38.7766
2007-03-28,38.1633
2007-03-29,38.84
2007-03-30,38.8333
2007-04-02,39.15
2007-04-03,39.7
2007-04-04,39.9966
2007-04-05,40.1
2007-04-09,40.2566
2007-04-10,40.4466
2007-04-11,40.0733
2007-04-12,40.7433
2007-04-13,40.99
2007-04-16,41.45
2007-04-17,41.2066
2007-04-18,40.8933
2007-04-19,40.57
2007-04-20,41.0533
2007-04-23,40.8366
2007-04-24,40.8966
2007-04-25,41.3466
2007-04-26,41.28
2007-04-27,41.0866
2007-04-30,40.28
2007-05-01,40.44
2007-05-02,41.2433
2007-05-03,41.61
2007-05-04,41.5766
2007-05-07,41.8466
2007-05-08,41.3033
2007-05-09,41.97
2007-05-10,40.9433
2007-05-11,41.9833
2007-05-14,41.5666
2007-05-15,41.6266
2007-05-16,42.22
2007-05-17,42.05
2007-05-18,42.2833
2007-05-21,42.3266
2007-05-22,42.3666
2007-05-23,42.3
2007-05-24,41.2833
2007-05-25,41.9166
2007-05-29,41.7733
2007-05-30,42.1966
2007-05-31,42.2666
2007-06-01,43.3766
2007-06-04,43.1833
2007-06-05,43.0333
2007-06-06,41.95
2007-06-07,41.2333
2007-06-08,42.0333
2007-06-11,42.3933
2007-06-12,41.68
2007-06-13,42.49
2007-06-14,43.1566
2007-06-15,44.14
2007-06-18,44.18
2007-06-19,44.23
2007-06-20,43.8533
2007-06-21,44.4666
2007-06-22,43.8133
2007-06-25,43.48
2007-06-26,43.1
2007-06-27,43.7
2007-06-28,43.7233
2007-06-29,43.8833
2007-07-02,44.7666
2007-07-03,45.1233
2007-07-05,45.3233
2007-07-06,46.1133
2007-07-09,46.5466
2007-07-10,45.63
2007-07-11,46.0066
2007-07-12,47.0166
2007-07-13,47.6
2007-07-16,47.1333
2007-07-17,47.0966
2007-07-18,46.52
2007-07-19,46.9833
2007-07-20,46.7
2007-07-23,48.01
2007-07-24,46.3666
2007-07-25,46.6333
2007-07-26,44.3966
2007-07-27,43.6833
2007-07-30,45.1
2007-07-31,44.19
2007-08-01,44.0166
2007-08-02,44.65
2007-08-03,42.5833
2007-08-06,43.3433
2007-08-07,43.6666
2007-08-08,45.1333
2007-08-09,43.2666
2007-08-10,42.5166
2007-08-13,42.9366
2007-08-14,41.8266
2007-08-15,40.1833
2007-08-16,39.5
2007-08-17,40.75
2007-08-20,40.8333
2007-08-21,40.6833
2007-08-22,42.4333
2007-08-23,42.65
2007-08-24,43.6666
2007-08-27,43.8666
2007-08-28,42.0833
2007-08-29,43.75
2007-08-30,43.5266
2007-08-31,44.65
2007-09-04,45.4033
2007-09-05,44.7166
2007-09-06,45.0666
2007-09-07,44.05
2007-09-10,44.0833
2007-09-11,44.9733
2007-09-12,45.1333
2007-09-13,45.6333
2007-09-14,45.7233
2007-09-17,45.4333
2007-09-18,47.6333
2007-09-19,47.85
2007-09-20,47.7
2007-09-21,48.3333
2007-09-24,48.9333
2007-09-25,48.75
2007-09-26,49.4
2007-09-27,50.1333
2007-09-28,49.8166
2007-10-01,51.3833
2007-10-02,51.7333
2007-10-03,50.1666
2007-10-04,50.6666
2007-10-05,52.3566
2007-10-08,51.7999
2007-10-09,52.6066
2007-10-10,52.6766
2007-10-11,52.2133
2007-10-12,53.1666
2007-10-15,52.5166
2007-10-16,51.5433
2007-10-17,52.7333
2007-10-18,52.9999
2007-10-19,50.7333
2007-10-22,51.0999
2007-10-23,52.5166
2007-10-24,52.1733
2007-10-25,52.8366
2007-10-26,54.3333
2007-10-29,55.5833
2007-10-30,54.5333
2007-10-31,55.7299
2007-11-01,53.4799
2007-11-02,53.7833
2007-11-05,51.9133
2007-11-06,53.8833
2007-11-07,52.1666
2007-11-08,52.4333
2007-11-09,51.1999
2007-11-12,48.3666
2007-11-13,51.7833
2007-11-14,51.8333
2007-11-15,50.6399
2007-11-16,51.2666
2007-11-19,48.9033
2007-11-20,50.2466
2007-11-21,47.7166
2007-11-23,49.1266
2007-11-26,47.1766
2007-11-27,48.9833
2007-11-28,51.6666
2007-11-29,51.0333
2007-11-30,51.4666
2007-12-03,51.0199
2007-12-04,50.8866
2007-12-05,53.1466
2007-12-06,53.9833
2007-12-07,53.3433
2007-12-10,53.3599
2007-12-11,51.0999
2007-12-12,52.6333
2007-12-13,51.1866
2007-12-14,49.9666
2007-12-17,47.8366
2007-12-18,49.15
2007-12-19,49.47
2007-12-20,49.74
2007-12-21,51.2399
2007-12-24,51.4466
2007-12-26,51.7133
2007-12-27,50.5199
2007-12-28,50.7099
2007-12-31,50.0999
2008-01-02,49.2733
2008-01-03,49.7166
2008-01-04,48.2233
2008-01-07,48.5766
2008-01-08,48.2
2008-01-09,49.78
2008-01-10,50.3666
2008-01-11,48.95
2008-01-14,49.67
2008-01-15,47.4233
2008-01-16,45.45
2008-01-17,44.1266
2008-01-18,45.1333
2008-01-22,44
2008-01-23,44.28
2008-01-24,45.14
2008-01-25,44.4533
2008-01-28,45.5533
2008-01-29,45.33
2008-01-30,44.7333
2008-01-31,45.63
2008-02-01,46.54
2008-02-04,46.6833
2008-02-05,44.17
2008-02-06,43.4466
2008-02-07,44.1833
2008-02-08,44.1
2008-02-11,44.6466
2008-02-12,45.3666
2008-02-13,46.3866
2008-02-14,45.79
2008-02-15,46.1166
2008-02-19,46.72
2008-02-20,47.11
2008-02-21,46.45
2008-02-22,47.0733
2008-02-25,47.95
2008-02-26,48.5833
2008-02-27,48.9933
2008-02-28,48.4666
2008-02-29,46.54
2008-03-03,46.7933
2008-03-04,45.7066
2008-03-05,46.6666
2008-03-06,45.0666
2008-03-07,44.4433
2008-03-10,43.6633
2008-03-11,46.6
2008-03-12,45.7366
2008-03-13,45.32
2008-03-14,43.7133
2008-03-17,42.6333
2008-03-18,44.85
2008-03-19,42.1555
2008-03-20,42.8667
2008-03-24,44.51
2008-03-25,45.1933
2008-03-26,44.8266
2008-03-27,44.61
2008-03-28,44.53
2008-03-31,44.7933
2008-04-01,46.5133
2008-04-02,46.55
2008-04-03,47.1133
2008-04-04,46.9233
2008-04-07,47.5466
2008-04-08,47.2853
2008-04-09,46.55
2008-04-10,47.2166
2008-04-11,46.4466
2008-04-14,46.3366
2008-04-15,46.88
2008-04-16,48.2666
2008-04-17,47.9166
2008-04-18,48.6386
2008-04-21,48.8866
2008-04-22,48.4333
2008-04-23,49.13
2008-04-24,48.5
2008-04-25,48.8566
2008-04-28,48.7633
2008-04-29,47.9
2008-04-30,48.8866
2008-05-01,49.4066
2008-05-02,49.88
2008-05-05,49.8433
2008-05-06,50.3999
2008-05-07,48.9
2008-05-08,49.4033
2008-05-09,49
2008-05-12,49.63
2008-05-13,49.8666
2008-05-14,49.9866
2008-05-15,51.0499
2008-05-16,51.6999
2008-05-19,51.7099
2008-05-20,50.8133
2008-05-21,50.2966
2008-05-22,50.4433
2008-05-23,49.5633
2008-05-27,49.4833
2008-05-28,50.1499
2008-05-29,50.2599
2008-05-30,50.4333
2008-06-02,49.8333
2008-06-03,48.9333
2008-06-04,48.5066
2008-06-05,50.0499
2008-06-06,48.2366
2008-06-09,48.1133
2008-06-10,47.0033
2008-06-11,46.3
2008-06-12,46.57
2008-06-13,47.0733
2008-06-16,47.2333
2008-06-17,47.4333
2008-06-18,47.2033
2008-06-19,47.2766
2008-06-20,45.7333
2008-06-23,45.8666
2008-06-24,45.6633
2008-06-25,46.05
2008-06-26,44.47
2008-06-27,44.9
2008-06-30,45.24
2008-07-01,44.4333
2008-07-02,43.1666
2008-07-03,43.0433
2008-07-07,42.89
2008-07-08,43.4166
2008-07-09,42.54
2008-07-10,43.31
2008-07-11,43.02
2008-07-14,42.9666
2008-07-15,42.25
2008-07-16,43.47
2008-07-17,43.6733
2008-07-18,43.2966
2008-07-21,43.8333
2008-07-22,43.86
2008-07-23,43.9233
2008-07-24,42.3
2008-07-25,42.59
2008-07-28,41.87
2008-07-29,44.19
2008-07-30,43.73
2008-07-31,42.75
2008-08-01,42.46
2008-08-04,41.16
2008-08-05,41.69
2008-08-06,42.52
2008-08-07,41.06
2008-08-08,41.16
2008-08-11,40.73
2008-08-12,40.39
2008-08-13,40.38
2008-08-14,40.91
2008-08-15,40.27
2008-08-18,39.59
2008-08-19,39.2572
2008-08-20,40.26
2008-08-21,40.2
2008-08-22,40.17
2008-08-25,39.34
2008-08-26,39.41
2008-08-27,40.25
2008-08-28,40.53
2008-08-29,40.05
2008-09-02,38.84
2008-09-03,38.2
2008-09-04,36.44
2008-09-05,36.96
2008-09-08,37.42
2008-09-09,35.32
2008-09-10,35.8875
2008-09-11,35.36
2008-09-12,36.54
2008-09-15,33.67
2008-09-16,33.96
2008-09-17,31.55
2008-09-18,34.21
2008-09-19,38.47
2008-09-22,35.96
2008-09-23,34.84
2008-09-24,35.24
2008-09-25,37.05
2008-09-26,35.79
2008-09-29,31.61
2008-09-30,34.17
2008-10-01,34.58
2008-10-02,31.55
2008-10-03,30.72
2008-10-06,28.41
2008-10-07,26.2
2008-10-08,26.2
2008-10-09,24.27
2008-10-10,24.55
2008-10-13,30.14
2008-10-14,28.64
2008-10-15,24.01
2008-10-16,25.19
2008-10-17,24.4
2008-10-20,26.11
2008-10-21,24.03
2008-10-22,21.5
2008-10-23,22.1
2008-10-24,19.82
2008-10-27,19.3
2008-10-28,23.34
2008-10-29,22.6
2008-10-30,25.65
2008-10-31,25.43
2008-11-03,25.2
2008-11-04,27.5
2008-11-05,24
2008-11-06,22.79
2008-11-07,24.64
2008-11-10,24.87
2008-11-11,23.32
2008-11-12,21.59
2008-11-13,24.58
2008-11-14,22.22
2008-11-17,21.85
2008-11-18,21.53
2008-11-19,19.67
2008-11-20,18.26
2008-11-21,20.89
2008-11-24,22.16
2008-11-25,21.74
2008-11-26,23.4
2008-11-28,22.95
2008-12-01,20.74
2008-12-02,22.05
2008-12-03,22.23
2008-12-04,21.28
2008-12-05,22.54
2008-12-08,23.98
2008-12-09,23.65
2008-12-10,25.06
2008-12-11,24.42
2008-12-12,24.76
2008-12-15,24.43
2008-12-16,26.38
2008-12-17,25.92
2008-12-18,25.35
2008-12-19,25.44
2008-12-22,24.49
2008-12-23,23.95
2008-12-24,24.12
2008-12-26,24.04
2008-12-29,24
2008-12-30,24.64
2008-12-31,24.97
2009-01-02,26.16
2009-01-05,26.5
2009-01-06,27.1
2009-01-07,25.54
2009-01-08,25.43
2009-01-09,24.88
2009-01-12,23.83
2009-01-13,23.9
2009-01-14,22.74
2009-01-15,23
2009-01-16,23.25
2009-01-20,21.52
2009-01-21,22.69
2009-01-22,21.94
2009-01-23,22.22
2009-01-26,22.48
2009-01-27,22.88
2009-01-28,24.04
2009-01-29,22.82
2009-01-30,22.65
2009-02-02,22.42
2009-02-03,23.09
2009-02-04,23.26
2009-02-05,23.75
2009-02-06,24.94
2009-02-09,24.81
2009-02-10,23.31
2009-02-11,24.01
2009-02-12,23.86
2009-02-13,23.98
2009-02-17,22.45
2009-02-18,22.29
2009-02-19,22.08
2009-02-20,21.52
2009-02-23,20.99
2009-02-24,22.14
2009-02-25,21.76
2009-02-26,21.57
2009-02-27,21.23
2009-03-02,19.94
2009-03-03,20.22
2009-03-04,21.64
2009-03-05,20.75
2009-03-06,21.1
2009-03-09,20.69
2009-03-10,22.37
2009-03-11,22.37
2009-03-12,23.23
2009-03-13,23.36
2009-03-16,23.38
2009-03-17,23.89
2009-03-18,24.39
2009-03-19,24.23
2009-03-20,23.9
2009-03-23,26.11
2009-03-24,25.36
2009-03-25,25.68
2009-03-26,26.38
2009-03-27,25.6
2009-03-30,24.28
2009-03-31,24.81
2009-04-01,25.63
2009-04-02,27.02
2009-04-03,27.35
2009-04-06,27.01
2009-04-07,26.39
2009-04-08,26.78
2009-04-09,27.95
2009-04-13,28.12
2009-04-14,27.67
2009-04-15,28.07
2009-04-16,28.31
2009-04-17,28.11
2009-04-20,26.74
2009-04-21,27.31
2009-04-22,27.08
2009-04-23,27.5
2009-04-24,28.02
2009-04-27,27.08
2009-04-28,26.99
2009-04-29,28.41
2009-04-30,28.67
2009-05-01,29.09
2009-05-04,31.1
2009-05-05,30.82
2009-05-06,31.349
2009-05-07,30.57
2009-05-08,31.59
2009-05-11,30.85
2009-05-12,31.07
2009-05-13,29.93
2009-05-14,30.36
2009-05-15,30.08
2009-05-18,31.75
2009-05-19,32.11
2009-05-20,32.21
2009-05-21,31.61
2009-05-22,31.75
2009-05-26,32.13
2009-05-27,31.76
2009-05-28,32.74
2009-05-29,33.24
2009-06-01,34.64
2009-06-02,34.14
2009-06-03,32.93
2009-06-04,33.54
2009-06-05,33.61
2009-06-08,33.09
2009-06-09,33.15
2009-06-10,33.568
2009-06-11,34.29
2009-06-12,33.74
2009-06-15,32.53
2009-06-16,32.04
2009-06-17,31.68
2009-06-18,31.59
2009-06-19,31.75
2009-06-22,30.6
2009-06-23,30.55
2009-06-24,31.22
2009-06-25,32.15
2009-06-26,32.32
2009-06-29,32.56
2009-06-30,32.23
2009-07-01,32.82
2009-07-02,31.92
2009-07-06,31.85
2009-07-07,31.1
2009-07-08,30.74
2009-07-09,31.291
2009-07-10,30.92
2009-07-13,31.14
2009-07-14,31.48
2009-07-15,33.17
2009-07-16,33.23
2009-07-17,33.57
2009-07-20,34.77
2009-07-21,34.665
2009-07-22,34.59
2009-07-23,35.57
2009-07-24,35.4
2009-07-27,35.71
2009-07-28,35.55
2009-07-29,34.75
2009-07-30,35.61
2009-07-31,35.78
2009-08-03,37.12
2009-08-04,36.78
2009-08-05,36.47
2009-08-06,36.17
2009-08-07,36.53
2009-08-10,36.12
2009-08-11,35.44
2009-08-12,35.76
2009-08-13,36.38
2009-08-14,35.72
2009-08-17,34.32
2009-08-18,35.07
2009-08-19,35.16
2009-08-20,35.77
2009-08-21,36.31
2009-08-24,36.47
2009-08-25,36.39
2009-08-26,36.28
2009-08-27,36.21
2009-08-28,36.02
2009-08-31,35.31
2009-09-01,34.64
2009-09-02,35.01
2009-09-03,35.71
2009-09-04,36.4
2009-09-08,37.15
2009-09-09,37.35
2009-09-10,37.84
2009-09-11,37.86
2009-09-14,37.72
2009-09-15,38.17
2009-09-16,39.13
2009-09-17,38.92
2009-09-18,39.03
2009-09-21,38.69
2009-09-22,39.28
2009-09-23,38.69
2009-09-24,37.93
2009-09-25,38.09
2009-09-28,38.58
2009-09-29,38.669
2009-09-30,38.91
2009-10-01,37.85
2009-10-02,37.86
2009-10-05,38.74
2009-10-06,39.38
2009-10-07,39.34
2009-10-08,39.82
2009-10-09,39.85
2009-10-12,40.18
2009-10-13,40.25
2009-10-14,41.55
2009-10-15,41.32
2009-10-16,40.75
2009-10-19,41.53
2009-10-20,40.98
2009-10-21,40.76
2009-10-22,41.1
2009-10-23,40.76
2009-10-26,40.25
2009-10-27,39.55
2009-10-28,37.74
2009-10-29,39.41
2009-10-30,37.57
2009-11-02,38.13
2009-11-03,38.19
2009-11-04,38.9
2009-11-05,39.7
2009-11-06,39.65
2009-11-09,41.11
2009-11-10,40.92
2009-11-11,41.27
2009-11-12,40.35
2009-11-13,41.04
2009-11-16,42.07
2009-11-17,41.92
2009-11-18,41.59
2009-11-19,40.82
2009-11-20,40.65
2009-11-23,41.5
2009-11-24,41.27
2009-11-25,41.75
2009-11-27,40.13
2009-11-30,40.52
2009-12-01,41.68
2009-12-02,41.85
2009-12-03,41.46
2009-12-04,41.84
2009-12-07,41.48
2009-12-08,40.71
2009-12-09,40.96
2009-12-10,41.2
2009-12-11,41.35
2009-12-14,41.63
2009-12-15,41.2
2009-12-16,41.44
2009-12-17,40.25
2009-12-18,40.36
2009-12-21,40.31
2009-12-22,40.39
2009-12-23,40.79
2009-12-24,41.2
2009-12-28,41.34
2009-12-29,41.18
2009-12-30,41.36
2009-12-31,41.5
2010-01-04,42.71
2010-01-05,43.02
2010-01-06,43.11
2010-01-07,42.86
2010-01-08,43.2
2010-01-11,43.11
2010-01-12,42.42
2010-01-13,42.55
2010-01-14,42.44
2010-01-15,41.9493
2010-01-19,42.8
2010-01-20,41.77
2010-01-21,40.5075
2010-01-22,39.61
2010-01-25,39.9
2010-01-26,39.07
2010-01-27,38.97
2010-01-28,38.7
2010-01-29,38.28
2010-02-01,39.31
2010-02-02,39.63
2010-02-03,39.4
2010-02-04,37.62
2010-02-05,37.2
2010-02-08,36.83
2010-02-09,38.03
2010-02-10,37.93
2010-02-11,38.93
2010-02-12,38.44
2010-02-16,39.43
2010-02-17,39.57
2010-02-18,39.72
2010-02-19,39.38
2010-02-22,39.43
2010-02-23,38.52
2010-02-24,38.89
2010-02-25,38.57
2010-02-26,38.96
2010-03-01,39.62
2010-03-02,40.066
2010-03-03,40.12
2010-03-04,39.91
2010-03-05,40.95
2010-03-08,40.98
2010-03-09,41.21
2010-03-10,41.5
2010-03-11,41.51
2010-03-12,41.37
2010-03-15,41.07
2010-03-16,41.6
2010-03-17,42.05
2010-03-18,41.73
2010-03-19,41.19
2010-03-22,41.34
2010-03-23,41.63
2010-03-24,41.01
2010-03-25,40.9
2010-03-26,41.1
2010-03-29,41.84
2010-03-30,42
2010-03-31,42.1225
2010-04-01,43.22
2010-04-05,43.61
2010-04-06,43.74
2010-04-07,43.36
2010-04-08,43.5125
2010-04-09,43.78
2010-04-12,43.43
2010-04-13,43.34
2010-04-14,43.98
2010-04-15,43.74
2010-04-16,42.46
2010-04-19,42.29
2010-04-20,42.79
2010-04-21,42.65
2010-04-22,42.83
2010-04-23,43.06
2010-04-26,43.06
2010-04-27,41.515
2010-04-28,41.87
2010-04-29,42.56
2010-04-30,42.05
2010-05-03,42.28
2010-05-04,40.34
2010-05-05,39.61
2010-05-06,37.9901
2010-05-07,38.19
2010-05-10,40.94
2010-05-11,40.2
2010-05-12,40.7
2010-05-13,40.32
2010-05-14,39.49
2010-05-17,39.25
2010-05-18,38.4275
2010-05-19,38.06
2010-05-20,36.165
2010-05-21,37.34
2010-05-24,36.95
2010-05-25,36.55
2010-05-26,36.53
2010-05-27,38.74
2010-05-28,38.1
2010-06-01,37.405
2010-06-02,38.71
2010-06-03,38.57
2010-06-04,37.2
2010-06-07,36.62
2010-06-08,37.46
2010-06-09,37.26
2010-06-10,38.56
2010-06-11,38.76
2010-06-14,38.77
2010-06-15,39.94
2010-06-16,39.94
2010-06-17,39.74
2010-06-18,39.92
2010-06-21,40.61
2010-06-22,39.83
2010-06-23,39.67
2010-06-24,38.97
2010-06-25,39.43
2010-06-28,39.16
2010-06-29,37.57
2010-06-30,37.32
2010-07-01,37.59
2010-07-02,37.75
2010-07-06,38.45
2010-07-07,39.3
2010-07-08,39.49
2010-07-09,39.975
2010-07-12,39.65
2010-07-13,40.11
2010-07-14,40.03
2010-07-15,39.84
2010-07-16,38.65
2010-07-19,39.16
2010-07-20,40.08
2010-07-21,39.67
2010-07-22,40.87
2010-07-23,41.15
2010-07-26,41.43
2010-07-27,41.36
2010-07-28,41.13
2010-07-29,41.2
2010-07-30,41.4
2010-08-02,42.475
2010-08-03,42.27
2010-08-04,42.33
2010-08-05,42.14
2010-08-06,42.08
2010-08-09,42.3
2010-08-10,41.72
2010-08-11,40.39
2010-08-12,40.46
2010-08-13,40.68
2010-08-16,41.06
2010-08-17,41.49
2010-08-18,41.46
2010-08-19,41.14
2010-08-20,41.02
2010-08-23,40.65
2010-08-24,40.13
2010-08-25,39.87
2010-08-26,39.62
2010-08-27,40.49
2010-08-30,39.82
2010-08-31,40.06
2010-09-01,41.47
2010-09-02,41.54
2010-09-03,42.03
2010-09-07,41.42
2010-09-08,41.868
2010-09-09,42.112
2010-09-10,42.26
2010-09-13,43.27
2010-09-14,43.25
2010-09-15,43.31
2010-09-16,43.09
2010-09-17,43.02
2010-09-20,43.7
2010-09-21,43.57
2010-09-22,43.6
2010-09-23,43.32
2010-09-24,44.12
2010-09-27,44.0375
2010-09-28,44.36
2010-09-29,44.51
2010-09-30,44.77
2010-10-01,45.43
2010-10-04,45.29
2010-10-05,46.11
2010-10-06,46.09
2010-10-07,45.68
2010-10-08,46.23
2010-10-11,46.2
2010-10-12,46.01
2010-10-13,46.855
2010-10-14,46.775
2010-10-15,46.72
2010-10-18,46.74
2010-10-19,45.26
2010-10-20,45.98
2010-10-21,45.98
2010-10-22,46.03
2010-10-25,46.53
2010-10-26,46.49
2010-10-27,45.7
2010-10-28,45.99
2010-10-29,46.12
2010-11-01,46.63
2010-11-02,47.205
2010-11-03,47.5
2010-11-04,48.58
2010-11-05,48.49
2010-11-08,48.295
2010-11-09,47.68
2010-11-10,48.03
2010-11-11,47.56
2010-11-12,46.41
2010-11-15,46.39
2010-11-16,45.1675
2010-11-17,45.4
2010-11-18,46.48
2010-11-19,46.51
2010-11-22,46.37
2010-11-23,44.9
2010-11-24,45.935
2010-11-26,44.95
2010-11-29,45.15
2010-11-30,44.78
2010-12-01,46.065
2010-12-02,46.97
2010-12-03,47.14
2010-12-06,47.06
2010-12-07,46.84
2010-12-08,46.54
2010-12-09,46.385
2010-12-10,46.59
2010-12-13,46.89
2010-12-14,46.96
2010-12-15,46.2
2010-12-16,46.33
2010-12-17,46.405
2010-12-20,46.185
2010-12-21,46.5
2010-12-22,46.6625
2010-12-23,46.61
2010-12-27,46.46
2010-12-28,46.5
2010-12-29,47.07
2010-12-30,47.31
2010-12-31,47.642
2011-01-03,48.1
2011-01-04,48.32
2011-01-05,48.2
2011-01-06,47.685
2011-01-07,47.25
2011-01-10,46.76
2011-01-11,47.255
2011-01-12,48.21
2011-01-13,47.79
2011-01-14,47.93
2011-01-18,47.86
2011-01-19,47.49
2011-01-20,46.97
2011-01-21,46.48
2011-01-24,46.8425
2011-01-25,46.555
2011-01-26,46.97
2011-01-27,46.81
2011-01-28,45.33
2011-01-31,45.81
2011-02-01,46.92
2011-02-02,46.57
2011-02-03,46.51
2011-02-04,46.4975
2011-02-07,46.56
2011-02-08,46.58
2011-02-09,45.51
2011-02-10,45.08
2011-02-11,45.625
2011-02-14,45.4
2011-02-15,45.49
2011-02-16,45.87
2011-02-17,46.03
2011-02-18,46.31
2011-02-22,44.83
2011-02-23,44.871
2011-02-24,44.98
2011-02-25,45.52
2011-02-28,45.79
2011-03-01,45.32
2011-03-02,45.94
2011-03-03,46.8525
2011-03-04,46.895
2011-03-07,46.24
2011-03-08,46.86
2011-03-09,46.95
2011-03-10,45.56
2011-03-11,46.03
2011-03-14,46.3
2011-03-15,45.53
2011-03-16,44.6
2011-03-17,45.15
2011-03-18,45.23
2011-03-21,46.0975
2011-03-22,46.24
2011-03-23,46.85
2011-03-24,47.39
2011-03-25,47.34
2011-03-28,47.095
2011-03-29,47.64
2011-03-30,48.25
2011-03-31,48.67
2011-04-01,49.45
2011-04-04,49.87
2011-04-05,49.77
2011-04-06,50.04
2011-04-07,49.99
2011-04-08,50.04
2011-04-11,49.45
2011-04-12,48.52
2011-04-13,48.92
2011-04-14,49.07
2011-04-15,49.135
2011-04-18,47.9
2011-04-19,48.5899
2011-04-20,49.74
2011-04-21,50.175
2011-04-25,49.77
2011-04-26,50.2
2011-04-27,50.11
2011-04-28,49.7
2011-04-29,50
2011-05-02,50.01
2011-05-03,48.895
2011-05-04,48.09
2011-05-05,47.63
2011-05-06,48.25
2011-05-09,48.34
2011-05-10,48.91
2011-05-11,47.83
2011-05-12,47.97
2011-05-13,46.92
2011-05-16,46.85
2011-05-17,47
2011-05-18,47.76
2011-05-19,47.45
2011-05-20,47.07
2011-05-23,46.09
2011-05-24,46.55
2011-05-25,46.65
2011-05-26,47.25
2011-05-27,47.75
2011-05-31,48.53
2011-06-01,47.66
2011-06-02,48.11
2011-06-03,47.87
2011-06-06,47.1
2011-06-07,47.47
2011-06-08,47.13
2011-06-09,47.5
2011-06-10,46.47
2011-06-13,46.39
2011-06-14,47.09
2011-06-15,46.08
2011-06-16,45.73
2011-06-17,45.79
2011-06-20,45.72
2011-06-21,46.56
2011-06-22,45.64
2011-06-23,45.58
2011-06-24,45.5
2011-06-27,46.03
2011-06-28,46.66
2011-06-29,47.09
2011-06-30,47.6
2011-07-01,48.16
2011-07-05,48.14
2011-07-06,47.82
2011-07-07,48.48
2011-07-08,47.93
2011-07-11,46.59
2011-07-12,46.12
2011-07-13,46.87
2011-07-14,46.368
2011-07-15,46.66
2011-07-18,46.12
2011-07-19,46.79
2011-07-20,46.93
2011-07-21,47.68
2011-07-22,47.65
2011-07-25,47.55
2011-07-26,47.71
2011-07-27,46.87
2011-07-28,46.91
2011-07-29,47.11
2011-08-01,47.07
2011-08-02,45.62
2011-08-03,45.461
2011-08-04,42.86
2011-08-05,42.58
2011-08-08,39.03
2011-08-09,41.32
2011-08-10,39.13
2011-08-11,41.292
2011-08-12,41.27
2011-08-15,42.23
2011-08-16,41.87
2011-08-17,42.17
2011-08-18,40.18
2011-08-19,39.68
2011-08-22,39.64
2011-08-23,41.03
2011-08-24,40.63
2011-08-25,39.84
2011-08-26,40.52
2011-08-29,41.83
2011-08-30,41.89
2011-08-31,42.75
2011-09-01,42.52
2011-09-02,41.56
2011-09-06,41.13
2011-09-07,42.35
2011-09-08,41.41
2011-09-09,40.01
2011-09-12,39.93
2011-09-13,39.99
2011-09-14,39.88
2011-09-15,40.46
2011-09-16,40.53
2011-09-19,39.33
2011-09-20,39.04
2011-09-21,37.59
2011-09-22,34.95
2011-09-23,35.88
2011-09-26,36.42
2011-09-27,37.58
2011-09-28,36.45
2011-09-29,36.95
2011-09-30,35.095
2011-10-03,34.36
2011-10-04,34.89
2011-10-05,35.7
2011-10-06,36.88
2011-10-07,36.44
2011-10-10,38.07
2011-10-11,38.09
2011-10-12,39.16
2011-10-13,38.81
2011-10-14,39.59
2011-10-17,38.25
2011-10-18,39.27
2011-10-19,38.52
2011-10-20,37.78
2011-10-21,38.855
2011-10-24,40.38
2011-10-25,39.58
2011-10-26,40.31
2011-10-27,42.76
2011-10-28,42.4
2011-10-31,40.815
2011-11-01,39.82
2011-11-02,41.04
2011-11-03,41.46
2011-11-04,41.19
2011-11-07,41.54
2011-11-08,42.03
2011-11-09,39.57
2011-11-10,39.83
2011-11-11,40.785
2011-11-14,40.23
2011-11-15,40.48
2011-11-16,39.39
2011-11-17,38.388
2011-11-18,38.54
2011-11-21,37.3
2011-11-22,37.43
2011-11-23,36.22
2011-11-25,36.1
2011-11-28,37.83
2011-11-29,37.659
2011-11-30,40.01
2011-12-01,39.8875
2011-12-02,39.77
2011-12-05,40.42
2011-12-06,39.87
2011-12-07,40.03
2011-12-08,38.59
2011-12-09,39.37
2011-12-12,37.89
2011-12-13,37.54
2011-12-14,37
2011-12-15,37.245
2011-12-16,37.52
2011-12-19,36.55
2011-12-20,37.725
2011-12-21,37.84
2011-12-22,38.335
2011-12-23,38.485
2011-12-27,38.12
2011-12-28,37.48
2011-12-29,37.91
2011-12-30,37.94
2012-01-03,39.1
2012-01-04,38.882
2012-01-05,38.71
2012-01-06,38.225
2012-01-09,38.615
2012-01-10,39.458
2012-01-11,39.49
2012-01-12,39.65
2012-01-13,39.29
2012-01-17,40.04
2012-01-18,41.05
2012-01-19,41.41
2012-01-20,41.38
2012-01-23,41.78
2012-01-24,41.835
2012-01-25,42.31
2012-01-26,42.14
2012-01-27,42.36
2012-01-30,41.75
2012-01-31,42.11
2012-02-01,43.045
2012-02-02,43.16
2012-02-03,43.88
2012-02-06,43.505
2012-02-07,43.6
2012-02-08,43.91
2012-02-09,43.89
2012-02-10,42.915
2012-02-13,43.615
2012-02-14,43.26
2012-02-15,43.38
2012-02-16,43.845
2012-02-17,43.93
2012-02-21,43.75
2012-02-22,43.825
2012-02-23,43.75
2012-02-24,44.19
2012-02-27,43.75
2012-02-28,44.36
2012-02-29,44.33
2012-03-01,44.75
2012-03-02,44.64
2012-03-05,43.87
2012-03-06,42.405
2012-03-07,42.91
2012-03-08,43.81
2012-03-09,43.79
2012-03-12,43.31
2012-03-13,44.49
2012-03-14,43.79
2012-03-15,44.14
2012-03-16,44.09
2012-03-19,43.92
2012-03-20,43.16
2012-03-21,43.235
2012-03-22,42.58
2012-03-23,42.9
2012-03-26,43.655
2012-03-27,43.42
2012-03-28,42.69
2012-03-29,42.64
2012-03-30,42.945
2012-04-02,43.545
2012-04-03,43.29
2012-04-04,42.51
2012-04-05,42.74
2012-04-09,42.11
2012-04-10,41.295
2012-04-11,41.735
2012-04-12,42.81
2012-04-13,42.16
2012-04-16,41.945
2012-04-17,42.43
2012-04-18,42.23
2012-04-19,42.045
2012-04-20,42.325
2012-04-23,41.52
2012-04-24,41.61
2012-04-25,41.985
2012-04-26,42.25
2012-04-27,42.31
2012-04-30,42.215
2012-05-01,42.5
2012-05-02,42.415
2012-05-03,42.1
2012-05-04,41.36
2012-05-07,41.51
2012-05-08,40.85
2012-05-09,40.32
2012-05-10,40.49
2012-05-11,39.965
2012-05-14,39.06
2012-05-15,38.72
2012-05-16,38.17
2012-05-17,37.65
2012-05-18,37.29
2012-05-21,38.18
2012-05-22,37.78
2012-05-23,37.52
2012-05-24,37.33
2012-05-25,37.15
2012-05-29,38.2
2012-05-30,37.54
2012-05-31,37.7
2012-06-01,36.69
2012-06-04,36.85
2012-06-05,36.945
2012-06-06,38.025
2012-06-07,38.26
2012-06-08,37.93
2012-06-11,37.385
2012-06-12,38.16
2012-06-13,38.02
2012-06-14,38.285
2012-06-15,38.99
2012-06-18,39.07
2012-06-19,39.7
2012-06-20,39.57
2012-06-21,37.67
2012-06-22,37.79
2012-06-25,37.085
2012-06-26,37.41
2012-06-27,37.65
2012-06-28,37.47
2012-06-29,39.135
2012-07-02,39.125
2012-07-03,39.91
2012-07-05,39.49
2012-07-06,38.77
2012-07-09,38.63
2012-07-10,38.2
2012-07-11,38.4
2012-07-12,37.76
2012-07-13,38.485
2012-07-16,38.395
2012-07-17,38.91
2012-07-18,38.81
2012-07-19,39.165
2012-07-20,38.585
2012-07-23,37.58
2012-07-24,37.415
2012-07-25,37.6
2012-07-26,38.45
2012-07-27,39.525
2012-07-30,39.3
2012-07-31,39.12
2012-08-01,39.19
2012-08-02,38.73
2012-08-03,39.93
2012-08-06,40.18
2012-08-07,40.29
2012-08-08,40.37
2012-08-09,40.54
2012-08-10,40.73
2012-08-13,40.365
2012-08-14,40.36
2012-08-15,40.3
2012-08-16,40.67
2012-08-17,40.47
2012-08-20,40.45
2012-08-21,40.39
2012-08-22,40.41
2012-08-23,40.04
2012-08-24,40.05
2012-08-27,39.64
2012-08-28,39.56
2012-08-29,39.37
2012-08-30,38.91
2012-08-31,39.28
2012-09-04,39.065
2012-09-05,38.86
2012-09-06,39.725
2012-09-07,40.64
2012-09-10,40.12
2012-09-11,40.6
2012-09-12,40.78
2012-09-13,41.875
2012-09-14,42.37
2012-09-17,41.91
2012-09-18,41.925
2012-09-19,41.93
2012-09-20,41.68
2012-09-21,41.775
2012-09-24,41.74
2012-09-25,41.115
2012-09-26,40.925
2012-09-27,41.58
2012-09-28,41.325
2012-10-01,41.74
2012-10-02,41.8
2012-10-03,41.52
2012-10-04,41.945
2012-10-05,41.95
2012-10-08,41.58
2012-10-09,41.27
2012-10-10,41.02
2012-10-11,41.4
2012-10-12,41.27
2012-10-15,41.51
2012-10-16,41.94
2012-10-17,42.27
2012-10-18,42.155
2012-10-19,41.5
2012-10-22,41.9
2012-10-23,41.04
2012-10-24,41.08
2012-10-25,41.5
2012-10-26,41.21
2012-10-31,41.15
2012-11-01,41.82
2012-11-02,41.6
2012-11-05,41.8
2012-11-06,42.1301
2012-11-07,41.4403
2012-11-08,40.92
2012-11-09,41
2012-11-12,41.155
2012-11-13,40.78
2012-11-14,40.155
2012-11-15,40.29
2012-11-16,40.41
2012-11-19,41.115
2012-11-20,41.035
2012-11-21,40.96
2012-11-23,41.63
2012-11-26,41.635
2012-11-27,41.2814
2012-11-28,41.51
2012-11-29,41.815
2012-11-30,41.785
2012-12-03,41.77
2012-12-04,41.8901
2012-12-05,42.3391
2012-12-06,42.66
2012-12-07,42.785
2012-12-10,43.0309
2012-12-11,43.25
2012-12-12,43.38
2012-12-13,43.19
2012-12-14,43.38
2012-12-17,43.495
2012-12-18,43.53
2012-12-19,43.51
2012-12-20,43.77
2012-12-21,43.265
2012-12-24,43.18
2012-12-26,43.305
2012-12-27,43.5431
2012-12-28,43.7
2012-12-31,44.35
2013-01-02,45.225
2013-01-03,44.9024
2013-01-04,44.99
2013-01-07,44.65
2013-01-08,44.25
2013-01-09,44.44
2013-01-10,44.825
2013-01-11,44.47
2013-01-14,44.66
2013-01-15,44.47
2013-01-16,44.43
2013-01-17,44.678
2013-01-18,44.775
2013-01-22,44.705
2013-01-23,44.47
2013-01-24,44.31
2013-01-25,44.16
2013-01-28,43.85
2013-01-29,44.34
2013-01-30,44.13
2013-01-31,44.215
2013-02-01,44.505
2013-02-04,43.92
2013-02-05,43.97
2013-02-06,43.92
2013-02-07,43.53
2013-02-08,43.85
2013-02-11,43.83
2013-02-12,43.95
2013-02-13,44.17
2013-02-14,44.145
2013-02-15,43.99
2013-02-19,44.08
2013-02-20,43.685
2013-02-21,43.09
2013-02-22,43.28
2013-02-25,42.7
2013-02-26,42.94
2013-02-27,43.41
2013-02-28,43.205
2013-03-01,43.31
2013-03-04,42.905
2013-03-05,43.415
2013-03-06,43.63
2013-03-07,43.75
2013-03-08,44.13
2013-03-11,43.89
2013-03-12,43.39
2013-03-13,42.98
2013-03-14,43.16
2013-03-15,42.77
2013-03-18,42.285
2013-03-19,41.99
2013-03-20,42.231
2013-03-21,41.8
2013-03-22,41.96
2013-03-25,41.92
2013-03-26,42.52
2013-03-27,42.68
2013-03-28,42.77
2013-04-01,42.31
2013-04-02,42.325
2013-04-03,41.83
2013-04-04,41.709
2013-04-05,41.61
2013-04-08,41.68
2013-04-09,42.09
2013-04-10,42.495
2013-04-11,42.525
2013-04-12,41.875
2013-04-15,40.86
2013-04-16,41.7
2013-04-17,41.035
2013-04-18,41.045
2013-04-19,41.64
2013-04-22,41.84
2013-04-23,42.04
2013-04-24,42.295
2013-04-25,42.67
2013-04-26,42.24
2013-04-29,42.68
2013-04-30,43.29
2013-05-01,42.82
2013-05-02,43.1601
2013-05-03,43.52
2013-05-06,43.58
2013-05-07,43.89
2013-05-08,44.23
2013-05-09,43.91
2013-05-10,43.57
2013-05-13,43.17
2013-05-14,43.37
2013-05-15,43.385
2013-05-16,43.23
2013-05-17,43.42
2013-05-20,43.53
2013-05-21,43.44
2013-05-22,42.96
2013-05-23,42.64
2013-05-24,42.265
2013-05-28,42.5
2013-05-29,41.96
2013-05-30,41.96
2013-05-31,41.195
2013-06-03,41.81
2013-06-04,41.3
2013-06-05,40.56
2013-06-06,40.9
2013-06-07,40.69
2013-06-10,40.14
2013-06-11,39.38
2013-06-12,39.11
2013-06-13,39.94
2013-06-14,39.31
2013-06-17,39.67
2013-06-18,39.835
2013-06-19,38.61
2013-06-20,36.88
2013-06-21,37.41
2013-06-24,36.65
2013-06-25,37.43
2013-06-26,38.02
2013-06-27,38.28
2013-06-28,38.5
2013-07-01,38.62
2013-07-02,37.93
2013-07-03,37.58
2013-07-05,37.34
2013-07-08,37.39
2013-07-09,37.88
2013-07-10,37.52
2013-07-11,39.355
2013-07-12,38.94
2013-07-15,39.34
2013-07-16,39.5
2013-07-17,39.86
2013-07-18,39.39
2013-07-19,39.275
2013-07-22,39.67
2013-07-23,40.1
2013-07-24,39.69
2013-07-25,39.92
2013-07-26,39.83
2013-07-29,39.33
2013-07-30,39.24
2013-07-31,39.01
2013-08-01,39.715
2013-08-02,39.71
2013-08-05,39.46
2013-08-06,38.96
2013-08-07,38.54
2013-08-08,39.28
2013-08-09,39.36
2013-08-12,39.725
2013-08-13,39.97
2013-08-14,40.1
2013-08-15,39.64
2013-08-16,39.3
2013-08-19,38.56
2013-08-20,38.49
2013-08-21,37.59
2013-08-22,38.2
2013-08-23,38.65
2013-08-26,38.23
2013-08-27,37.355
2013-08-28,37.43
2013-08-29,37.725
2013-08-30,38.02
2013-09-03,38.26
2013-09-04,38.935
2013-09-05,39.4
2013-09-06,39.975
2013-09-09,41.035
2013-09-10,41.345
2013-09-11,41.37
2013-09-12,40.89
2013-09-13,41.155
2013-09-16,41.62
2013-09-17,41.53
2013-09-18,43.275
2013-09-19,43.04
2013-09-20,42.075
2013-09-23,42.225
2013-09-24,41.87
2013-09-25,41.55
2013-09-26,41.72
2013-09-27,41.235
2013-09-30,40.755
2013-10-01,41.57
2013-10-02,41.725
2013-10-03,41.57
2013-10-04,42.11
2013-10-07,41.75
2013-10-08,41.35
2013-10-09,41.655
2013-10-10,42.64
2013-10-11,42.825
2013-10-14,43.08
2013-10-15,42.66
2013-10-16,42.995
2013-10-17,43.265
2013-10-18,43.309
2013-10-21,43.24
2013-10-22,43.655
2013-10-23,42.64
2013-10-24,42.55
2013-10-25,42.745
2013-10-28,43
2013-10-29,43.135
2013-10-30,42.9
2013-10-31,42.455
2013-11-01,42.475
2013-11-04,42.74
2013-11-05,41.88
2013-11-06,42.01
2013-11-07,41.25
2013-11-08,41.159
2013-11-11,40.95
2013-11-12,40.73
2013-11-13,40.8
2013-11-14,41.455
2013-11-15,42.245
2013-11-18,42.625
2013-11-19,42.37
2013-11-20,41.79
2013-11-21,41.75
2013-11-22,42.05
2013-11-25,41.51
2013-11-26,41.65
2013-11-27,41.92
2013-11-29,42.35
2013-12-02,41.46
2013-12-03,41.32
2013-12-04,41.27
2013-12-05,41.03
2013-12-06,41.94
2013-12-09,42
2013-12-10,42.02
2013-12-11,41.09
2013-12-12,40.85
2013-12-13,40.95
2013-12-16,41.215
2013-12-17,40.86
2013-12-18,41.3
2013-12-19,40.54
2013-12-20,40.48
2013-12-23,40.78
2013-12-24,41.02
2013-12-26,40.67
2013-12-27,41.3
2013-12-30,41.48
2013-12-31,41.795
2014-01-02,40.19
2014-01-03,40.12
2014-01-06,39.74
2014-01-07,39.91
2014-01-08,39.78
2014-01-09,39.57
2014-01-10,40.27
2014-01-13,39.79
2014-01-14,40.22
2014-01-15,40.21
2014-01-16,39.99
2014-01-17,39.79
2014-01-21,39.73
2014-01-22,40.26
2014-01-23,39.27
2014-01-24,38.24
2014-01-27,38.09
2014-01-28,38.33
2014-01-29,37.78
2014-01-30,38.13
2014-01-31,38.19
2014-02-03,37.11
2014-02-04,37.86
2014-02-05,37.72
2014-02-06,38.51
2014-02-07,38.73
2014-02-10,38.3
2014-02-11,39.13
2014-02-12,39.14
2014-02-13,39.18
2014-02-14,39.66
2014-02-18,39.29
2014-02-19,39.02
2014-02-20,39.16
2014-02-21,39.43
2014-02-24,39.43
2014-02-25,38.98
2014-02-26,39.01
2014-02-27,39.75
2014-02-28,39.48
2014-03-03,38.78
2014-03-04,39.44
2014-03-05,39.47
2014-03-06,40.03
2014-03-07,39.52
2014-03-10,39.25
2014-03-11,38.81
2014-03-12,38.89
2014-03-13,38.19
2014-03-14,38.4
2014-03-17,38.87
2014-03-18,39.41
2014-03-19,38.57
2014-03-20,38.74
2014-03-21,38.98
2014-03-24,39.36
2014-03-25,39.81
2014-03-26,39.9
2014-03-27,40.42
2014-03-28,40.74
2014-03-31,41.01
2014-04-01,41.49
2014-04-02,41.57
2014-04-03,41.41
2014-04-04,41.3
2014-04-07,41.475
2014-04-08,41.96
2014-04-09,42.28
2014-04-10,41.83
2014-04-11,41.83
2014-04-14,41.741
2014-04-15,41.11
2014-04-16,41.63
2014-04-17,42.01
2014-04-21,41.75
2014-04-22,41.64
2014-04-23,41.34
2014-04-24,41.38
2014-04-25,40.82
2014-04-28,41.02
2014-04-29,41.41
2014-04-30,41.33
2014-05-01,41.38
2014-05-02,41.61
2014-05-05,41.38
2014-05-06,41.57
2014-05-07,41.79
2014-05-08,41.69
2014-05-09,41.62
2014-05-12,42.32
2014-05-13,42.48
2014-05-14,42.78
2014-05-15,42.38
2014-05-16,42.94
2014-05-19,42.94
2014-05-20,42.59
2014-05-21,42.92
2014-05-22,43.22
2014-05-23,43.14
2014-05-27,42.77
2014-05-28,43.02
2014-05-29,43.14
2014-05-30,42.55
2014-06-02,42.68
2014-06-03,42.92
2014-06-04,42.68
2014-06-05,43.13
2014-06-06,43.56
2014-06-09,43.72
2014-06-10,43.95
2014-06-11,43.8
2014-06-12,43.59
2014-06-13,43.61
2014-06-16,43.41
2014-06-17,43.42
2014-06-18,43.9
2014-06-19,43.65
2014-06-20,43.56
2014-06-23,43.47
2014-06-24,43.45
2014-06-25,43.2
2014-06-26,43.25
2014-06-27,43.35
2014-06-30,43.23
2014-07-01,43.64
2014-07-02,43.9
2014-07-03,44.16
2014-07-07,44.13
2014-07-08,43.9325
2014-07-09,44.18
2014-07-10,43.94
2014-07-11,43.89
2014-07-14,44.23
2014-07-15,44.2
2014-07-16,44.31
2014-07-17,43.48
2014-07-18,44.16
2014-07-21,44.31
2014-07-22,44.72
2014-07-23,44.76
2014-07-24,44.96
2014-07-25,44.78
2014-07-28,45.09
2014-07-29,44.82
2014-07-30,44.6
2014-07-31,43.82
2014-08-01,44.06
2014-08-04,44.47
2014-08-05,43.79
2014-08-06,43.485
2014-08-07,43.32
2014-08-08,43.71
2014-08-11,44.27
2014-08-12,44.32
2014-08-13,44.56
2014-08-14,44.63
2014-08-15,44.51
2014-08-18,44.94
2014-08-19,45.15
2014-08-20,45.06
2014-08-21,44.87
2014-08-22,44.75
2014-08-25,45.08
2014-08-26,45.35
2014-08-27,45.58
2014-08-28,45.13
2014-08-29,45.06
2014-09-02,44.99
2014-09-03,45.58
2014-09-04,45.46
2014-09-05,45.85
2014-09-08,45.31
2014-09-09,44.75
2014-09-10,44.56
2014-09-11,44.26
2014-09-12,43.79
2014-09-15,43.57
2014-09-16,44.14
2014-09-17,43.73
2014-09-18,43.79
2014-09-19,43.46
2014-09-22,42.8
2014-09-23,42.56
2014-09-24,43.17
2014-09-25,42.23
2014-09-26,42.42
2014-09-29,41.56
2014-09-30,41.56
2014-10-01,40.71
2014-10-02,40.93
2014-10-03,41.28
2014-10-06,41.82
2014-10-07,41.45
2014-10-08,42.07
2014-10-09,41.41
2014-10-10,40.51
2014-10-13,40.92
2014-10-14,41.16
2014-10-15,40.64
2014-10-16,40.27
2014-10-17,40.72
2014-10-20,40.84
2014-10-21,41.0099
2014-10-22,40.74
2014-10-23,40.73
2014-10-24,41.02
2014-10-27,40.7
2014-10-28,41.52
2014-10-29,41.58
2014-10-30,41.97
2014-10-31,42.15
2014-11-03,41.8
2014-11-04,41.84
2014-11-05,41.47
2014-11-06,40.96
2014-11-07,41.22
2014-11-10,41.33
2014-11-11,41.29
2014-11-12,41.21
2014-11-13,41.1
2014-11-14,41.44
2014-11-17,41
2014-11-18,41.22
2014-11-19,41.2
2014-11-20,41.13
2014-11-21,42.44
2014-11-24,42.09
2014-11-25,41.82
2014-11-26,42.349
2014-11-28,41.5
2014-12-01,40.79
2014-12-02,40.78
2014-12-03,40.89
2014-12-04,40.96
2014-12-05,40.88
2014-12-08,40.28
2014-12-09,39.9
2014-12-10,39.31
2014-12-11,38.98
2014-12-12,38.34
2014-12-15,37.79
2014-12-16,37.73
2014-12-17,38.05
2014-12-18,38.57
2014-12-19,38.84
2014-12-22,39.38
2014-12-23,39.02
2014-12-24,39.11
2014-12-26,39.42
2014-12-29,39.18
2014-12-30,39.26
2014-12-31,39.29
2015-01-02,38.77
2015-01-05,38.08
2015-01-06,37.92
2015-01-07,38.74
2015-01-08,39.4
2015-01-09,39.27
2015-01-12,38.95
2015-01-13,39.29
2015-01-14,39.07
2015-01-15,39.16
2015-01-16,39.49
2015-01-20,39.43
2015-01-21,40.3
2015-01-22,41.07
2015-01-23,40.76
2015-01-26,40.78
2015-01-27,40.56
2015-01-28,40.12
2015-01-29,40.12
2015-01-30,39.02
2015-02-02,39.72
2015-02-03,40.47
2015-02-04,40.27
2015-02-05,40.51
2015-02-06,39.82
2015-02-09,39.76
2015-02-10,39.66
2015-02-11,39.37
2015-02-12,40.21
2015-02-13,40.67
2015-02-17,40.58
2015-02-18,40.57
2015-02-19,40.4
2015-02-20,40.67
2015-02-23,40.26
2015-02-24,40.84
2015-02-25,40.76
2015-02-26,40.77
2015-02-27,40.74
2015-03-02,40.68
2015-03-03,40.365
2015-03-04,39.93
2015-03-05,39.87
2015-03-06,39.26
2015-03-09,39.11
2015-03-10,38.24
2015-03-11,38.53
2015-03-12,38.77
2015-03-13,38.3
2015-03-16,38.76
2015-03-17,39.21
2015-03-18,40.17
2015-03-19,39.49
2015-03-20,40.08
2015-03-23,40.2
2015-03-24,40.36
2015-03-25,39.72
2015-03-26,39.35
2015-03-27,39.46
2015-03-30,40.22
2015-03-31,40.13
2015-04-01,40.63
2015-04-02,41.24
2015-04-06,41.77
2015-04-07,41.56
2015-04-08,42.43
2015-04-09,42.85
2015-04-10,42.88
2015-04-13,42.63
2015-04-14,42.82
2015-04-15,43.12
2015-04-16,43.46
2015-04-17,42.7
2015-04-20,42.66
2015-04-21,42.91
2015-04-22,43.37
2015-04-23,43.69
2015-04-24,43.845
2015-04-27,44.02
2015-04-28,44.09
2015-04-29,43.54
2015-04-30,42.88
2015-05-01,43.14
2015-05-04,43.39
2015-05-05,42.92
2015-05-06,42.39
2015-05-07,42.33
2015-05-08,42.87
2015-05-11,42.46
2015-05-12,42.32
2015-05-13,42.4
2015-05-14,42.82
2015-05-15,43.15
2015-05-18,42.71
2015-05-19,42.78
2015-05-20,42.75
2015-05-21,42.6
2015-05-22,42.74
2015-05-26,42.06
2015-05-27,42.07
2015-05-28,41.52
2015-05-29,41.12
2015-06-01,40.96
2015-06-02,41.12
2015-06-03,40.91
2015-06-04,40.29
2015-06-05,40.11
2015-06-08,40.1
2015-06-09,39.86
2015-06-10,40.44
2015-06-11,40.24
2015-06-12,40.24
2015-06-15,39.79
2015-06-16,39.8
2015-06-17,40.04
2015-06-18,40.41
2015-06-19,40.06
2015-06-22,40.64
2015-06-23,41.04
2015-06-24,40.75
2015-06-25,40.31
2015-06-26,39.93
2015-06-29,39.04
2015-06-30,39.62
2015-07-01,39.59
2015-07-02,39.78
2015-07-06,38.67
2015-07-07,38.09
2015-07-08,36.78
2015-07-09,37.49
2015-07-10,38.44
2015-07-13,38.7
2015-07-14,38.77
2015-07-15,38.33
2015-07-16,38.81
2015-07-17,38.76
2015-07-20,38.51
2015-07-21,38.52
2015-07-22,37.97
2015-07-23,37.6
2015-07-24,37.06
2015-07-27,36.36
2015-07-28,36.73
2015-07-29,37.09
2015-07-30,36.72
2015-07-31,37.12
2015-08-03,36.5
2015-08-04,36.63
2015-08-05,36.64
2015-08-06,36.32
2015-08-07,36.3
2015-08-10,36.91
2015-08-11,36.1
2015-08-12,35.54
2015-08-13,35.48
2015-08-14,35.53
2015-08-17,35.14
2015-08-18,34.76
2015-08-19,34.33
2015-08-20,33.79
2015-08-21,32.75
2015-08-24,31.32
2015-08-25,31.72
2015-08-26,32.77
2015-08-27,34.22
2015-08-28,33.78
2015-08-31,33.84
2015-09-01,32.53
2015-09-02,33
2015-09-03,33.13
2015-09-04,32.14
2015-09-08,33.16
2015-09-09,32.99
2015-09-10,33.33
2015-09-11,33.46
2015-09-14,33.41
2015-09-15,33.73
2015-09-16,34.55
2015-09-17,34.47
2015-09-18,33.83
2015-09-21,33.77
2015-09-22,33.14
2015-09-23,32.61
2015-09-24,32.47
2015-09-25,32.4
2015-09-28,31.71
2015-09-29,31.86
2015-09-30,32.78
2015-10-01,32.96
2015-10-02,33.84
2015-10-05,34.57
2015-10-06,34.51
2015-10-07,35.43
2015-10-08,35.81
2015-10-09,35.94
2015-10-12,35.67
2015-10-13,35.09
2015-10-14,35.36
2015-10-15,36.22
2015-10-16,36.25
2015-10-19,35.88
2015-10-20,35.87
2015-10-21,35.35
2015-10-22,36.08
2015-10-23,36.29
2015-10-26,35.96
2015-10-27,35.55
2015-10-28,35.14
2015-10-29,34.81
2015-10-30,34.87
2015-11-02,35.56
2015-11-03,36.03
2015-11-04,35.74
2015-11-05,35.8
2015-11-06,35.3
2015-11-09,34.42
2015-11-10,34.27
2015-11-11,34.34
2015-11-12,34.01
2015-11-13,33.54
2015-11-16,34.19
2015-11-17,34.09
2015-11-18,34.4592
2015-11-19,34.77
2015-11-20,35.12
2015-11-23,34.79
2015-11-24,34.97
2015-11-25,34.7
2015-11-27,33.94
2015-11-30,33.99
2015-12-01,34.25
2015-12-02,33.84
2015-12-03,33.65
2015-12-04,33.88
2015-12-07,33.317
2015-12-08,32.95
2015-12-09,32.68
2015-12-10,32.4592
2015-12-11,31.55
2015-12-14,32.06
2015-12-15,32.55
2015-12-16,33.19
2015-12-17,32.76
2015-12-18,32.65
2015-12-21,32.4
2015-12-22,32.66
2015-12-23,33.12
2015-12-24,33
2015-12-28,32.77
2015-12-29,32.8
2015-12-30,32.29
2015-12-31,32.19
2016-01-04,31.31
2016-01-05,31.38
2016-01-06,30.7792
2016-01-07,29.83
2016-01-08,29.51
2016-01-11,29.5
2016-01-12,29.56
2016-01-13,29.25
2016-01-14,29.63
2016-01-15,28.455
2016-01-19,28.88
2016-01-20,28.25
2016-01-21,28.36
2016-01-22,29.33
2016-01-25,28.825
2016-01-26,29.25
2016-01-27,29.15
2016-01-28,29.61
2016-01-29,30.57
2016-02-01,30.28
2016-02-02,29.3
2016-02-03,30.13
2016-02-04,30.36
2016-02-05,30.01
2016-02-08,29.6
2016-02-09,29.19
2016-02-10,29.31
2016-02-11,28.82
2016-02-12,29.32
2016-02-16,29.97
2016-02-17,30.56
2016-02-18,30.38
2016-02-19,30.24
2016-02-22,30.99
2016-02-23,30.33
2016-02-24,30.26
2016-02-25,30.36
2016-02-26,30.06
2016-02-29,30.32
2016-03-01,31.4
2016-03-02,31.82
2016-03-03,32.18
2016-03-04,32.82
2016-03-07,32.77
2016-03-08,32.21
2016-03-09,32.41
2016-03-10,32.46
2016-03-11,33.14
2016-03-14,32.94
2016-03-15,32.47
2016-03-16,33.12
2016-03-17,33.85
2016-03-18,34.0285
2016-03-21,34.1
2016-03-22,34.02
2016-03-23,33.44
2016-03-24,33.36
2016-03-28,33.47
2016-03-29,33.93
2016-03-30,34.28
2016-03-31,34.25
2016-04-01,34.15
2016-04-04,33.74
2016-04-05,33.08
2016-04-06,33.48
2016-04-07,32.81
2016-04-08,33.38
2016-04-11,33.81
2016-04-12,34.33
2016-04-13,34.94
2016-04-14,34.77
2016-04-15,34.57
2016-04-18,34.73
2016-04-19,35.26
2016-04-20,35.1
2016-04-21,34.75
2016-04-22,34.54
2016-04-25,34.3192
2016-04-26,34.69
2016-04-27,34.9
2016-04-28,34.54
2016-04-29,34.39
2016-05-02,34.295
2016-05-03,33.33
2016-05-04,32.79
2016-05-05,32.78
2016-05-06,32.83
2016-05-09,32.41
2016-05-10,33.03
2016-05-11,32.95
2016-05-12,32.86
2016-05-13,32.27
2016-05-16,32.66
2016-05-17,32.51
2016-05-18,32.19
2016-05-19,31.89
2016-05-20,32.21
2016-05-23,32.15
2016-05-24,32.48
2016-05-25,32.87
2016-05-26,33.09
2016-05-27,33.08
2016-05-31,33.12
2016-06-01,33.1
2016-06-02,33.37
2016-06-03,33.88
2016-06-06,34.24
2016-06-07,34.55
2016-06-08,34.8
2016-06-09,34.4
2016-06-10,33.53
2016-06-13,33.06
2016-06-14,32.95
2016-06-15,33.3
2016-06-16,33.18
2016-06-17,33.27
2016-06-20,33.86
2016-06-21,34.12
2016-06-22,33.94
2016-06-23,34.76
2016-06-24,32.64
2016-06-27,32.23
2016-06-28,33.18
2016-06-29,34.02
2016-06-30,34.36
2016-07-01,34.69
2016-07-05,33.95
2016-07-06,33.86
2016-07-07,33.77
2016-07-08,34.5
2016-07-11,34.83
2016-07-12,35.32
2016-07-13,35.26
2016-07-14,35.77
2016-07-15,35.69
2016-07-18,36.005
2016-07-19,35.64
2016-07-20,35.82
2016-07-21,35.705
2016-07-22,35.97
2016-07-25,35.61
2016-07-26,35.89
2016-07-27,36.01
2016-07-28,36.02
2016-07-29,36.205
2016-08-01,36.14
2016-08-02,35.88
2016-08-03,36
2016-08-04,36.2
2016-08-05,36.62
2016-08-08,36.88
2016-08-09,37.13
2016-08-10,37.14
2016-08-11,37.62
2016-08-12,37.48
2016-08-15,37.87
2016-08-16,37.7
2016-08-17,37.46
2016-08-18,37.81
2016-08-19,37.6
2016-08-22,37.1
2016-08-23,36.95
2016-08-24,37.05
2016-08-25,37.08
2016-08-26,36.76
2016-08-29,37.04
2016-08-30,36.94
2016-08-31,36.53
2016-09-01,36.81
2016-09-02,37.41
2016-09-06,38.21
2016-09-07,38.09
2016-09-08,37.99
2016-09-09,36.71
2016-09-12,36.96
2016-09-13,36.03
2016-09-14,36.14
2016-09-15,36.76
2016-09-16,36.51
2016-09-19,36.8
2016-09-20,36.82
2016-09-21,37.85
2016-09-22,38.12
2016-09-23,37.63
2016-09-26,37.08
2016-09-27,37.61
2016-09-28,37.95
2016-09-29,37.29
2016-09-30,37.45
2016-10-03,37.71
2016-10-04,37.29
2016-10-05,37.83
2016-10-06,37.86
2016-10-07,37.69
2016-10-10,38.1
2016-10-11,37.22
2016-10-12,37.15
2016-10-13,36.82
2016-10-14,36.88
2016-10-17,36.84
2016-10-18,37.49
2016-10-19,37.72
2016-10-20,37.61
2016-10-21,37.6
2016-10-24,37.76
2016-10-25,37.8
2016-10-26,37.4
2016-10-27,37.08
2016-10-28,36.93
2016-10-31,37.14
2016-11-01,36.84
2016-11-02,36.4
2016-11-03,36.3
2016-11-04,35.93
2016-11-07,37.23
2016-11-08,37.47
2016-11-09,36.26
2016-11-10,35.22
2016-11-11,34.55
2016-11-14,34.3
2016-11-15,34.99
2016-11-16,34.7
2016-11-17,34.75
2016-11-18,34.59
2016-11-21,34.93
2016-11-22,35.46
2016-11-23,35.08
2016-11-25,35.25
2016-11-28,35.39
2016-11-29,35.44
2016-11-30,35.5
2016-12-01,35.08
2016-12-02,35.12
2016-12-05,35.41
2016-12-06,35.6
2016-12-07,36.2
2016-12-08,36.36
2016-12-09,36.17
2016-12-12,35.93
2016-12-13,36.33
2016-12-14,35.25
2016-12-15,35.31
2016-12-16,35.15
2016-12-19,34.91
2016-12-20,35.03
2016-12-21,34.49
2016-12-22,34.08
2016-12-23,34.28
2016-12-27,34.43
2016-12-28,34.69
2016-12-29,35.26
2016-12-30,35.01
2017-01-03,35.43
2017-01-04,35.7
2017-01-05,36.09
2017-01-06,35.94
2017-01-09,35.91
2017-01-10,36.12
2017-01-11,36.55
2017-01-12,36.71
2017-01-13,36.68
2017-01-17,36.66
2017-01-18,36.46
2017-01-19,36.35
2017-01-20,36.42
2017-01-23,36.96
2017-01-24,37.19
2017-01-25,37.6
2017-01-26,37.44
2017-01-27,37.47
2017-01-30,37.27
2017-01-31,37.34
2017-02-01,37.36
2017-02-02,37.52
2017-02-03,37.75
2017-02-06,37.66
2017-02-07,37.47
2017-02-08,37.7
2017-02-09,37.87
2017-02-10,38.22
2017-02-13,38.34
2017-02-14,38.38
2017-02-15,38.69
2017-02-16,38.55
2017-02-17,38.39
2017-02-21,38.81
2017-02-22,38.93
2017-02-23,38.94
2017-02-24,38.48
2017-02-27,38.36
2017-02-28,37.99
2017-03-01,38.58
2017-03-02,37.9
2017-03-03,38.19
2017-03-06,38.21
2017-03-07,38.25
2017-03-08,37.89
2017-03-09,37.59
2017-03-10,38.01
2017-03-13,38.54
2017-03-14,38.32
2017-03-15,39.32
2017-03-16,39.56
2017-03-17,39.49
2017-03-20,39.985
2017-03-21,39.51
2017-03-22,39.7
2017-03-23,39.71
2017-03-24,39.81
2017-03-27,39.7
2017-03-28,39.81
2017-03-29,39.88
2017-03-30,39.67
2017-03-31,39.39
2017-04-03,39.61
2017-04-04,39.63
2017-04-05,39.51
2017-04-06,39.44
2017-04-07,39.37
2017-04-10,39.21
2017-04-11,39.12
2017-04-12,39.31
2017-04-13,39.14
2017-04-17,39.55
2017-04-18,39.05
2017-04-19,38.81
2017-04-20,39.29
2017-04-21,39.29
2017-04-24,39.85
2017-04-25,40.2
2017-04-26,40.05
2017-04-27,40
2017-04-28,40.06
2017-05-01,40.29
2017-05-02,40.58
2017-05-03,40.31
2017-05-04,39.86
2017-05-05,40.19
2017-05-08,40.18
2017-05-09,40.69
2017-05-10,40.96
2017-05-11,41.05
2017-05-12,41.22
2017-05-15,41.64
2017-05-16,41.68
2017-05-17,40.97
2017-05-18,40.29
2017-05-19,41.15
2017-05-22,41.19
2017-05-23,41.23
2017-05-24,41.39
2017-05-25,41.59
2017-05-26,41.74
2017-05-30,41.52
2017-05-31,41.2
2017-06-01,41.55
2017-06-02,41.76
2017-06-05,41.71
2017-06-06,41.73
2017-06-07,41.68
2017-06-08,41.93
2017-06-09,41.61
2017-06-12,41.39
2017-06-13,41.59
2017-06-14,41.58
2017-06-15,41.15
2017-06-16,41.22
2017-06-19,41.63
2017-06-20,40.98
2017-06-21,41.07
2017-06-22,41.28
2017-06-23,41.5
2017-06-26,41.9
2017-06-27,41.41
2017-06-28,41.73
2017-06-29,41.2
2017-06-30,41.39
2017-07-03,41.63
2017-07-05,41.55
2017-07-06,41.05
2017-07-07,41.13
2017-07-10,41.52
2017-07-11,41.86
2017-07-12,42.67
2017-07-13,42.88
2017-07-14,43.42
2017-07-17,43.22
2017-07-18,43.35
2017-07-19,43.71
2017-07-20,43.66
2017-07-21,43.63
2017-07-24,43.76
2017-07-25,43.65
2017-07-26,44.01
2017-07-27,43.77
2017-07-28,43.75
2017-07-31,43.8
2017-08-01,43.93
2017-08-02,43.97
2017-08-03,43.79
2017-08-04,43.95
2017-08-07,44.25
2017-08-08,44.26
2017-08-09,43.86
2017-08-10,42.82
2017-08-11,42.92
2017-08-14,43.36
2017-08-15,43.41
2017-08-16,43.86
2017-08-17,43.3
2017-08-18,43.67
2017-08-21,43.83
2017-08-22,44.32
2017-08-23,44.53
2017-08-24,44.67
2017-08-25,44.93
2017-08-28,44.77
2017-08-29,44.69
2017-08-30,44.76
2017-08-31,44.83
2017-09-01,45.16
2017-09-05,44.57
2017-09-06,44.86
2017-09-07,45.19
2017-09-08,44.89
2017-09-11,45.49
2017-09-12,45.44
2017-09-13,45.2
2017-09-14,45.32
2017-09-15,45.59
2017-09-18,45.75
2017-09-19,45.85
2017-09-20,45.64
2017-09-21,45.64
2017-09-22,45.38
2017-09-25,44.61
2017-09-26,44.49
2017-09-27,44.33
2017-09-28,44.3
2017-09-29,44.81
2017-10-02,44.82
2017-10-03,45.53
2017-10-04,45.52
2017-10-05,45.86
2017-10-06,45.63
2017-10-09,45.6
2017-10-10,46.05
2017-10-11,46.26
2017-10-12,46.24
2017-10-13,46.66
2017-10-16,46.63
2017-10-17,46.39
2017-10-18,46.5
2017-10-19,46.09
2017-10-20,46.26
2017-10-23,45.89
2017-10-24,45.89
2017-10-25,45.79
2017-10-26,45.48
2017-10-27,46.14
2017-10-30,45.85
2017-10-31,46.28
2017-11-01,46.52
2017-11-02,46.58
2017-11-03,46.34
2017-11-06,46.86
2017-11-07,46.56
2017-11-08,46.78
2017-11-09,46.49
2017-11-10,46.29
2017-11-13,46.19
2017-11-14,45.88
2017-11-15,45.64
2017-11-16,46.59
2017-11-17,46.82
2017-11-20,47.06
2017-11-21,47.69
2017-11-22,47.81
2017-11-24,47.71
2017-11-27,47.01
2017-11-28,47.36
2017-11-29,46.61
2017-11-30,46.1
2017-12-01,45.84
2017-12-04,45.93
2017-12-05,45.9
2017-12-06,45.28
2017-12-07,45.41
2017-12-08,45.94
2017-12-11,46.17
2017-12-12,45.86
2017-12-13,46.41
2017-12-14,46.07
2017-12-15,46.17
2017-12-18,46.69
2017-12-19,45.75
2017-12-20,45.81
2017-12-21,46.11
2017-12-22,46.5
2017-12-26,46.46
2017-12-27,46.58
2017-12-28,46.9
2017-12-29,47.12
2018-01-02,48.01
2018-01-03,48.47
2018-01-04,48.71
2018-01-05,49.13
2018-01-08,49.13
2018-01-09,49.05
2018-01-10,48.74
2018-01-11,49.04
2018-01-12,49.51
2018-01-13,49.51
2018-01-15,49.51
2018-01-16,49.32
2018-01-17,49.97
2018-01-18,50.03
2018-01-19,50.44
2018-01-20,50.44
2018-01-22,50.73
2018-01-23,50.97
2018-01-24,51.4
2018-01-25,51.37
2018-01-26,52.08
2018-01-27,52.08
2018-01-29,51.29
2018-01-30,50.59
2018-01-31,51.03
2018-02-01,50.34
2018-02-02,49.05
2018-02-03,49.05
2018-02-05,47.33
2018-02-06,48.87
2018-02-07,47.33
2018-02-08,45.69
2018-02-09,46.42
2018-02-10,46.42
2018-02-12,47.15
2018-02-13,47.51
2018-02-14,48.7
2018-02-15,49.7
2018-02-16,49.54
2018-02-17,49.54
2018-02-19,49.54
2018-02-20,48.86
2018-02-21,48.82
2018-02-22,48.85
2018-02-23,49.72
2018-02-24,49.72
2018-02-26,50.18
2018-02-27,48.72
2018-02-28,48.02
2018-03-01,47.93
2018-03-02,48.13
2018-03-03,48.13
2018-03-05,48.2
2018-03-06,48.65
2018-03-07,48.7
2018-03-08,48.71
2018-03-09,49.75
2018-03-10,49.75
2018-03-12,49.87
2018-03-13,49.42
2018-03-14,49.5
2018-03-15,49.32
2018-03-16,49.21
2018-03-17,49.21
2018-03-19,48.68
2018-03-20,49.22
2018-03-21,49.51
2018-03-22,47.86
2018-03-23,46.89
2018-03-24,46.89
2018-03-26,48.41
2018-03-27,47.53
2018-03-28,47.29
2018-03-29,48.28
2018-03-30,48.28
2018-03-31,48.28
2018-04-02,47.41
2018-04-03,47.88
2018-04-04,47.9
2018-04-05,48.02
2018-04-06,47.08
2018-04-07,47.08
2018-04-09,47.13
2018-04-10,48.05
2018-04-11,48.07
2018-04-12,48.05
2018-04-13,47.57
2018-04-14,47.57
2018-04-16,47.63
2018-04-17,47.73
2018-04-18,48.14
2018-04-19,47.86
2018-04-20,47.26
2018-04-21,47.26
2018-04-23,46.88
2018-04-24,46.66
2018-04-25,46.3
2018-04-26,46.97
2018-04-27,47.26
2018-04-28,47.26
2018-04-30,46.92
2018-05-01,46.69
2018-05-02,46.32
2018-05-03,46.22
2018-05-04,46.43
2018-05-05,46.43
2018-05-07,46.16
2018-05-08,46.42
2018-05-09,46.51
2018-05-10,47.48
2018-05-11,47.4
2018-05-12,47.4
2018-05-14,47.46
2018-05-15,46.48
2018-05-16,47.18
2018-05-17,46.46
2018-05-18,46.07
2018-05-19,46.07
2018-05-21,46.35
2018-05-22,46.51
2018-05-23,46.49
2018-05-24,46.24
2018-05-25,46.43
2018-05-26,46.43
2018-05-28,46.43
2018-05-29,45.35
2018-05-30,45.71
2018-05-31,45.69
2018-06-01,46.33
2018-06-02,46.33
2018-06-04,46.8
2018-06-05,46.44
2018-06-06,47.14
2018-06-07,46.42
2018-06-08,46.33
2018-06-09,46.33
2018-06-11,46.33
2018-06-12,46.21
2018-06-13,45.9
2018-06-14,45.59
2018-06-15,45.23
2018-06-16,45.23
2018-06-18,44.68
2018-06-19,43.9
2018-06-20,44.09
2018-06-21,43.47
2018-06-22,43.92
2018-06-23,43.92
2018-06-25,43.33
2018-06-26,43.16
2018-06-27,42.33
2018-06-28,42.69
2018-06-29,43.33
2018-06-30,43.33
2018-07-02,42.9
2018-07-03,42.93
2018-07-05,42.82
2018-07-06,43.41
2018-07-07,43.41
2018-07-09,44.19
2018-07-10,44.09
2018-07-11,43.23
2018-07-12,43.82
2018-07-13,43.85
2018-07-16,43.61
2018-07-17,43.93
2018-07-18,43.88
2018-07-19,43.34
2018-07-20,43.96
2018-07-21,43.96
2018-07-23,43.67
2018-07-24,44.31
2018-07-25,45.03
2018-07-26,44.53
2018-07-27,44.69
2018-07-28,44.69
2018-07-30,44.62
2018-07-31,44.86
2018-08-01,44.46
2018-08-02,43.87
2018-08-03,44.21
2018-08-04,44.21
2018-08-06,43.87
2018-08-07,44.32
2018-08-08,44.26
2018-08-09,44.13
2018-08-10,43.19
2018-08-11,43.19
2018-08-13,42.48
2018-08-14,42.74
2018-08-15,41.51
2018-08-16,41.77
2018-08-17,42.21
2018-08-20,42.4
2018-08-21,42.94
2018-08-22,43.28
2018-08-23,42.58
2018-08-24,43.37
2018-08-25,43.37
2018-08-27,43.99
2018-08-28,43.83
2018-08-29,44.1
2018-08-30,42.95
2018-08-31,43.17
2018-09-01,43.17
2018-09-03,43.17
2018-09-04,42.33
2018-09-05,41.72
2018-09-06,41.76
2018-09-07,41.55
2018-09-08,41.55
2018-09-10,41.14
2018-09-11,41.23
2018-09-12,41.44
2018-09-13,42
2018-09-14,41.96
2018-09-15,41.96
2018-09-17,41.58
2018-09-18,41.98
2018-09-19,42.56
2018-09-20,43.03
2018-09-21,43.23
2018-09-22,43.23
2018-09-24,42.74
2018-09-25,42.91
2018-09-26,43
2018-09-27,43.21
2018-09-28,42.92
2018-09-29,42.92
2018-10-01,42.93
2018-10-02,42.39
2018-10-03,42.04
2018-10-04,40.99
2018-10-05,40.84
2018-10-06,40.84
2018-10-08,40.9
2018-10-09,40.75
2018-10-10,39.54
2018-10-11,39.14
2018-10-12,40.29
2018-10-13,40.29
2018-10-15,39.86
2018-10-16,40.86
2018-10-17,40.36
2018-10-18,39.3
2018-10-19,39.67
2018-10-20,39.67
2018-10-22,40.1
2018-10-23,39.66
2018-10-24,38.38
2018-10-25,39.12
2018-10-26,38.67
2018-10-27,38.67
2018-10-29,38
2018-10-30,38.74
2018-10-31,39.16
2018-11-01,40.56
2018-11-02,40.82
2018-11-03,40.82
2018-11-05,40.93
2018-11-06,40.86
2018-11-07,41.63
2018-11-08,40.55
2018-11-09,39.8
2018-11-10,39.8
2018-11-12,39.24
2018-11-13,39.69
2018-11-14,39.93
2018-11-15,40.82
2018-11-16,40.9
2018-11-17,40.9
2018-11-19,40.35
2018-11-20,39.48
2018-11-21,40.21
2018-11-22,40.21
2018-11-23,39.74
2018-11-26,40.23
2018-11-27,40.51
2018-11-28,41.48
2018-11-29,41.12
2018-11-30,41.08
2018-12-01,41.08
2018-12-03,41.91
2018-12-04,41.02
2018-12-05,41.02
2018-12-06,40.64
2018-12-07,39.88
2018-12-08,39.88
2018-12-10,39.46
2018-12-11,39.76
2018-12-12,40.41
2018-12-13,40.4
2018-12-14,39.83
2018-12-15,39.83
2018-12-17,39.46
2018-12-18,39.14
2018-12-19,38.49
2018-12-20,38.79
2018-12-21,38.52
2018-12-22,38.52
2018-12-24,38.16
2018-12-26,38.92
2018-12-27,38.87
2018-12-28,39.24
2018-12-29,39.24
2018-12-31,39.06
2019-01-01,39.06
2019-01-02,39.16
2019-01-03,38.45
2019-01-04,39.69
2019-01-05,39.69
2019-01-07,39.78
2019-01-08,39.93
2019-01-09,40.64
2019-01-10,40.93
2019-01-11,40.73
2019-01-12,40.73
2019-01-14,40.39
2019-01-15,40.67
2019-01-16,41.17
2019-01-17,41.35
2019-01-18,41.55
2019-01-19,41.55
2019-01-21,41.55
2019-01-22,40.83
2019-01-23,41.25
2019-01-24,41.65
2019-01-25,42.2
2019-01-26,42.2
2019-01-28,41.76
2019-01-29,41.83
2019-01-30,42.74
2019-01-31,43.1
2019-02-01,42.76
2019-02-02,42.76
2019-02-04,42.83
2019-02-05,43.42
2019-02-06,42.83
2019-02-07,42.4
2019-02-08,42.16
2019-02-09,42.16
2019-02-11,42.02
2019-02-12,42.37
2019-02-13,42.07
2019-02-14,42.15
2019-02-15,42.09
2019-02-16,42.09
2019-02-18,42.09
2019-02-19,42.42
2019-02-20,42.66
2019-02-21,42.57
2019-02-22,43.04
2019-02-23,43.04
2019-02-25,43.52
2019-02-26,43.37
2019-02-27,43
2019-02-28,42.44
2019-03-01,42.49
2019-03-02,42.49
2019-03-04,42.55
2019-03-05,42.97
2019-03-06,42.73
2019-03-07,41.94
2019-03-08,41.64
2019-03-09,41.64
2019-03-11,42.42
2019-03-12,42.64
2019-03-13,42.69
2019-03-14,42.46
2019-03-15,43.08
2019-03-16,43.08
2019-03-18,43.56
2019-03-19,43.58
2019-03-20,43.65
2019-03-21,43.71
2019-03-22,42.43
2019-03-23,42.43
2019-03-25,42.53
2019-03-26,42.66
2019-03-27,42.2
2019-03-28,42.48
2019-03-29,42.92
2019-03-30,42.92
2019-04-01,43.63
2019-04-02,43.49
2019-04-03,43.79
2019-04-04,44.06
2019-04-05,44.4
2019-04-06,44.4
2019-04-08,44.4
2019-04-09,44.31
2019-04-10,44.52
2019-04-11,44.04
2019-04-12,44.36
2019-04-13,44.36
2019-04-15,44.13
2019-04-16,44.46
2019-04-17,44.59
2019-04-18,44.56
2019-04-19,44.56
2019-04-20,44.56
2019-04-22,44.27
2019-04-23,44.37
2019-04-24,43.77
2019-04-25,43.71
2019-04-26,43.88
2019-04-27,43.88
2019-04-29,43.97
2019-04-30,43.93
2019-05-01,43.6
2019-05-02,43.7
2019-05-03,44.22
2019-05-04,44.22
2019-05-06,43.31
2019-05-07,42.46
2019-05-08,42.4
2019-05-09,41.73
2019-05-10,41.98
2019-05-11,41.98
2019-05-13,40.58
2019-05-14,41.15
2019-05-15,41.23
2019-05-16,41.03
2019-05-17,40.29
2019-05-18,40.29
2019-05-20,40.12
2019-05-21,40.63
2019-05-22,40.43
2019-05-23,39.91
2019-05-24,39.95
2019-05-25,39.95
2019-05-27,39.95
2019-05-28,40.09
2019-05-29,40.35
2019-05-30,40.57
2019-05-31,40.71
2019-06-01,40.71
2019-06-03,41.08
2019-06-04,41.17
2019-06-05,40.84
2019-06-06,40.86
2019-06-07,41.18
2019-06-08,41.18
2019-06-10,41.61
2019-06-11,42.08
2019-06-12,41.63
2019-06-13,41.56
2019-06-14,41.1
2019-06-17,40.95
2019-06-18,41.94
2019-06-19,42.29
2019-06-20,42.91
2019-06-21,42.77
2019-06-24,42.71
2019-06-25,42.27
2019-06-26,42.67
2019-06-27,42.97
2019-06-28,42.91
2019-07-01,43.42
2019-07-02,43.31
2019-07-03,43.23
2019-07-05,42.93
2019-07-08,42.67
2019-07-09,42.54
2019-07-10,42.9
2019-07-11,42.82
2019-07-12,42.85
2019-07-15,43.01
2019-07-16,42.95
2019-07-17,42.82
2019-07-18,43.08
2019-07-19,42.86
2019-07-22,42.87
2019-07-23,42.92
2019-07-24,42.99
2019-07-25,42.61
2019-07-26,42.7
2019-07-27,42.7
2019-07-29,42.62
2019-07-30,42.29
2019-07-31,41.77
2019-08-01,40.95
2019-08-02,40.55
2019-08-05,39.05
2019-08-06,39.61
2019-08-07,39.79
2019-08-08,40.28
2019-08-09,39.87
2019-08-12,39.39
2019-08-13,39.89
2019-08-14,38.74
2019-08-15,39
2019-08-16,39.54
2019-08-19,39.7
2019-08-20,39.78
2019-08-21,40.16
2019-08-22,39.64
2019-08-23,39.05
2019-08-26,39.26
2019-08-27,39.33
2019-08-28,39.44
2019-08-29,39.88
2019-08-30,40.19
2019-09-03,39.94
2019-09-04,40.61
2019-09-05,41.07
2019-09-06,41.25
2019-09-09,41.38
2019-09-10,41.41
2019-09-11,41.7
2019-09-12,42
2019-09-13,42.24
2019-09-16,41.91
2019-09-17,41.91
2019-09-18,41.74
2019-09-19,41.57
2019-09-20,41.61
2019-09-23,41.65
2019-09-24,41.21
2019-09-25,41.18
2019-09-26,41.17
2019-09-27,40.64
2019-09-28,40.64
2019-09-29,40.64
2019-09-30,40.87
2019-10-01,40.58
2019-10-02,40.27
2019-10-03,40.79
2019-10-04,40.97
2019-10-05,40.97
2019-10-06,40.97
2019-10-07,40.63
2019-10-08,40.34
2019-10-09,40.65
2019-10-10,41.07
2019-10-11,41.73
2019-10-12,41.73
2019-10-13,41.73
2019-10-14,41.55
2019-10-15,41.92
2019-10-16,42.04
2019-10-17,42.2
2019-10-18,41.98
2019-10-19,41.98
2019-10-20,41.98
2019-10-21,42.36
2019-10-22,42.39
2019-10-23,42.4
2019-10-24,42.4
2019-10-25,42.7
2019-10-26,42.7
2019-10-27,42.7
2019-10-28,42.95
2019-10-29,42.73
2019-10-30,42.92
2019-10-31,42.58
2019-11-01,43.22
2019-11-02,43.22
2019-11-03,43.22
