Date,SP500
2007-01-03,141.62
2007-01-04,142
2007-01-05,140.91
2007-01-08,141.5
2007-01-09,141.38
2007-01-10,141.76
2007-01-11,142.5
2007-01-12,143.57
2007-01-16,143.28
2007-01-17,143.28
2007-01-18,142.85
2007-01-19,143.22
2007-01-22,142.71
2007-01-23,143.2
2007-01-24,144.22
2007-01-25,142.65
2007-01-26,142.47
2007-01-29,142.37
2007-01-30,143.08
2007-01-31,144.03
2007-02-01,144.91
2007-02-02,145.07
2007-02-05,145.3
2007-02-06,145.14
2007-02-07,145.5
2007-02-08,145.24
2007-02-09,144.25
2007-02-12,143.8
2007-02-13,144.9
2007-02-14,145.86
2007-02-15,146.1
2007-02-16,146.15
2007-02-20,146.36
2007-02-21,146.25
2007-02-22,146.12
2007-02-23,145.66
2007-02-26,145.53
2007-02-27,139.91
2007-02-28,141.3
2007-03-01,140.8
2007-03-02,139.07
2007-03-05,137.61
2007-03-06,140.03
2007-03-07,139.75
2007-03-08,141
2007-03-09,141
2007-03-12,141.32
2007-03-13,138.57
2007-03-14,139.64
2007-03-15,139.75
2007-03-16,139.33
2007-03-19,141.03
2007-03-20,141.8
2007-03-21,144.12
2007-03-22,144.12
2007-03-23,144.32
2007-03-26,143.42
2007-03-27,142.99
2007-03-28,142.04
2007-03-29,142.18
2007-03-30,142.34
2007-04-02,142.4
2007-04-03,143.96
2007-04-04,144
2007-04-05,144.54
2007-04-09,144.72
2007-04-10,144.88
2007-04-11,144.15
2007-04-12,145
2007-04-13,145.48
2007-04-16,146.93
2007-04-17,147.27
2007-04-18,147.6
2007-04-19,147.48
2007-04-20,148.78
2007-04-23,148.26
2007-04-24,148.4
2007-04-25,149.71
2007-04-26,149.88
2007-04-27,149.86
2007-04-30,148.48
2007-05-01,148.85
2007-05-02,149.84
2007-05-03,150.49
2007-05-04,151.19
2007-05-07,151.21
2007-05-08,150.95
2007-05-09,151.44
2007-05-10,149.73
2007-05-11,151.09
2007-05-14,150.82
2007-05-15,150.73
2007-05-16,151.86
2007-05-17,151.53
2007-05-18,152.81
2007-05-21,152.81
2007-05-22,152.55
2007-05-23,152.64
2007-05-24,151.34
2007-05-25,151.98
2007-05-29,152.52
2007-05-30,153.67
2007-05-31,153.55
2007-06-01,154.21
2007-06-04,154.33
2007-06-05,153.78
2007-06-06,152.13
2007-06-07,149.34
2007-06-08,151.27
2007-06-11,151.52
2007-06-12,149.82
2007-06-13,152.14
2007-06-14,153.06
2007-06-15,153.87
2007-06-18,153.79
2007-06-19,154.05
2007-06-20,151.85
2007-06-21,152.76
2007-06-22,151.17
2007-06-25,150.78
2007-06-26,149.23
2007-06-27,151.38
2007-06-28,151.3
2007-06-29,150.51
2007-07-02,152.03
2007-07-03,152.64
2007-07-05,152.5
2007-07-06,153.25
2007-07-09,153.2
2007-07-10,151.05
2007-07-11,152.25
2007-07-12,154.84
2007-07-13,155.1
2007-07-16,155.05
2007-07-17,154.93
2007-07-18,154.72
2007-07-19,155.22
2007-07-20,153.8
2007-07-23,154.35
2007-07-24,151.55
2007-07-25,151.83
2007-07-26,148.43
2007-07-27,145.43
2007-07-30,147.66
2007-07-31,145.71
2007-08-01,146.51
2007-08-02,147.7
2007-08-03,143.9
2007-08-06,146.37
2007-08-07,147.88
2007-08-08,150.02
2007-08-09,145.55
2007-08-10,144.87
2007-08-13,145.47
2007-08-14,143.4
2007-08-15,141.25
2007-08-16,142.55
2007-08-17,145
2007-08-20,144.82
2007-08-21,144.96
2007-08-22,146.9
2007-08-23,146.7
2007-08-24,148.55
2007-08-27,147.05
2007-08-28,143.98
2007-08-29,146.95
2007-08-30,146.36
2007-08-31,147.62
2007-09-04,149.5
2007-09-05,148.06
2007-09-06,148.45
2007-09-07,146.4
2007-09-10,145.9
2007-09-11,147.71
2007-09-12,148.05
2007-09-13,149.11
2007-09-14,149.18
2007-09-17,148.35
2007-09-18,152.55
2007-09-19,153.45
2007-09-20,152.7
2007-09-21,152.85
2007-09-24,152.59
2007-09-25,152.38
2007-09-26,152.55
2007-09-27,153.38
2007-09-28,152.97
2007-10-01,154.52
2007-10-02,154.42
2007-10-03,154.1
2007-10-04,154.23
2007-10-05,156.14
2007-10-08,155.27
2007-10-09,156.79
2007-10-10,156.46
2007-10-11,155.8
2007-10-12,156.7
2007-10-15,155.25
2007-10-16,154.14
2007-10-17,154.63
2007-10-18,153.96
2007-10-19,150.25
2007-10-22,150.8
2007-10-23,152.09
2007-10-24,151.71
2007-10-25,152.23
2007-10-26,153.9
2007-10-29,154.4
2007-10-30,153.22
2007-10-31,155.13
2007-11-01,151.3
2007-11-02,151.44
2007-11-05,150.22
2007-11-06,152.35
2007-11-07,148.27
2007-11-08,147.39
2007-11-09,145.37
2007-11-12,144.02
2007-11-13,148.23
2007-11-14,147.77
2007-11-15,145.68
2007-11-16,146.2
2007-11-19,144.04
2007-11-20,144.8
2007-11-21,141.86
2007-11-23,144.37
2007-11-26,141.11
2007-11-27,142.98
2007-11-28,147.4
2007-11-29,147.48
2007-11-30,148.75
2007-12-03,147.76
2007-12-04,146.56
2007-12-05,149.19
2007-12-06,151.18
2007-12-07,151.03
2007-12-10,152.41
2007-12-11,148.39
2007-12-12,149.32
2007-12-13,149.51
2007-12-14,147.3
2007-12-17,145.32
2007-12-18,146.24
2007-12-19,146.07
2007-12-20,147.1
2007-12-21,149.04
2007-12-24,150.16
2007-12-26,150.67
2007-12-27,148.13
2007-12-28,147.6
2007-12-31,146.74
2008-01-02,144.91
2008-01-03,144.72
2008-01-04,141.2
2008-01-07,141.83
2008-01-08,139.21
2008-01-09,141.05
2008-01-10,142.04
2008-01-11,140.32
2008-01-14,141.75
2008-01-15,138.24
2008-01-16,137.36
2008-01-17,133.5
2008-01-18,132.79
2008-01-22,131.21
2008-01-23,134.06
2008-01-24,135.22
2008-01-25,133.21
2008-01-28,135.55
2008-01-29,136.27
2008-01-30,135.59
2008-01-31,137.54
2008-02-01,139.7
2008-02-04,138.3
2008-02-05,134.01
2008-02-06,132.98
2008-02-07,133.98
2008-02-08,133.38
2008-02-11,134.17
2008-02-12,135.21
2008-02-13,136.89
2008-02-14,135.23
2008-02-15,135.3
2008-02-19,135.31
2008-02-20,136.36
2008-02-21,134.79
2008-02-22,135.92
2008-02-25,137.59
2008-02-26,138.6
2008-02-27,138.39
2008-02-28,137.19
2008-02-29,133.75
2008-03-03,133.7
2008-03-04,133.15
2008-03-05,134.19
2008-03-06,131.04
2008-03-07,129.99
2008-03-10,128.13
2008-03-11,132.61
2008-03-12,131.55
2008-03-13,132.14
2008-03-14,129.48
2008-03-17,128.16
2008-03-18,133.62
2008-03-19,130.56
2008-03-20,133.34
2008-03-24,135.6
2008-03-25,135.32
2008-03-26,133.45
2008-03-27,132.75
2008-03-28,131.62
2008-03-31,132.23
2008-04-01,137.1
2008-04-02,136.82
2008-04-03,137.01
2008-04-04,137.21
2008-04-07,137.24
2008-04-08,136.76
2008-04-09,135.65
2008-04-10,136.16
2008-04-11,133.52
2008-04-14,133
2008-04-15,133.72
2008-04-16,136.42
2008-04-17,136.63
2008-04-18,139.19
2008-04-21,138.95
2008-04-22,137.92
2008-04-23,138.1
2008-04-24,138.97
2008-04-25,139.97
2008-04-28,139.83
2008-04-29,139.23
2008-04-30,138.61
2008-05-01,141.15
2008-05-02,141.58
2008-05-05,140.91
2008-05-06,142.1
2008-05-07,139.53
2008-05-08,140.08
2008-05-09,139.11
2008-05-12,140.67
2008-05-13,140.6
2008-05-14,141.16
2008-05-15,142.79
2008-05-16,142.84
2008-05-19,143.1
2008-05-20,141.91
2008-05-21,139.56
2008-05-22,139.74
2008-05-23,138.06
2008-05-27,138.97
2008-05-28,139.65
2008-05-29,140.28
2008-05-30,140.39
2008-06-02,139.02
2008-06-03,138.31
2008-06-04,138.31
2008-06-05,140.82
2008-06-06,136.56
2008-06-09,136.82
2008-06-10,136.3
2008-06-11,133.93
2008-06-12,134.58
2008-06-13,136.62
2008-06-16,136.59
2008-06-17,135.61
2008-06-18,134.51
2008-06-19,134.91
2008-06-20,132.5
2008-06-23,132.48
2008-06-24,131.46
2008-06-25,132.24
2008-06-26,128.33
2008-06-27,128.06
2008-06-30,128
2008-07-01,128.57
2008-07-02,126.26
2008-07-03,126.33
2008-07-07,125.29
2008-07-08,127.49
2008-07-09,124.68
2008-07-10,125.62
2008-07-11,124.26
2008-07-14,123.1
2008-07-15,121.62
2008-07-16,124.63
2008-07-17,126.16
2008-07-18,126.06
2008-07-21,126.22
2008-07-22,127.85
2008-07-23,128.43
2008-07-24,125.65
2008-07-25,125.89
2008-07-28,123.86
2008-07-29,126.46
2008-07-30,128.66
2008-07-31,127.05
2008-08-01,126.32
2008-08-04,125.14
2008-08-05,128.65
2008-08-06,129.33
2008-08-07,127.15
2008-08-08,129.84
2008-08-11,130.88
2008-08-12,129.52
2008-08-13,129.05
2008-08-14,129.76
2008-08-15,130.29
2008-08-18,128.54
2008-08-19,127.25
2008-08-20,127.96
2008-08-21,128.22
2008-08-22,129.74
2008-08-25,127.35
2008-08-26,127.64
2008-08-27,128.72
2008-08-28,130.55
2008-08-29,128.94
2008-09-02,128.35
2008-09-03,128.26
2008-09-04,124.29
2008-09-05,124.89
2008-09-08,127.46
2008-09-09,123.14
2008-09-10,123.78
2008-09-11,125.66
2008-09-12,125.96
2008-09-15,120.52
2008-09-16,122.04
2008-09-17,116.5
2008-09-18,120.78
2008-09-19,125.96
2008-09-22,121.61
2008-09-23,119.42
2008-09-24,119.4
2008-09-25,121.15
2008-09-26,121.36
2008-09-29,112.35
2008-09-30,116.82
2008-10-01,115.9
2008-10-02,111.63
2008-10-03,110.25
2008-10-06,106.59
2008-10-07,100.4
2008-10-08,98.38
2008-10-09,91.89
2008-10-10,91.5
2008-10-13,100.91
2008-10-14,99.95
2008-10-15,90.79
2008-10-16,94.71
2008-10-17,94.21
2008-10-20,98.75
2008-10-21,95.57
2008-10-22,90.34
2008-10-23,91.1
2008-10-24,87.63
2008-10-27,84.78
2008-10-28,94.19
2008-10-29,92.29
2008-10-30,95.67
2008-10-31,97.39
2008-11-03,97
2008-11-04,100.65
2008-11-05,95.86
2008-11-06,90.9
2008-11-07,93.24
2008-11-10,92.47
2008-11-11,90.19
2008-11-12,85.81
2008-11-13,91.66
2008-11-14,87.74
2008-11-17,85.47
2008-11-18,86.25
2008-11-19,81.38
2008-11-20,75.99
2008-11-21,80.47
2008-11-24,84.89
2008-11-25,86.26
2008-11-26,89.22
2008-11-28,90.12
2008-12-01,82.24
2008-12-02,85.48
2008-12-03,87.67
2008-12-04,85.07
2008-12-05,88.21
2008-12-08,91.32
2008-12-09,89.64
2008-12-10,90.56
2008-12-11,88.21
2008-12-12,88.67
2008-12-15,87.72
2008-12-16,92.05
2008-12-17,91.14
2008-12-18,89.47
2008-12-19,89.23
2008-12-22,88.04
2008-12-23,86.97
2008-12-24,86.85
2008-12-26,87.4
2008-12-29,87.25
2008-12-30,89.14
2008-12-31,90.31
2009-01-02,93.26
2009-01-05,93.02
2009-01-06,93.61
2009-01-07,90.86
2009-01-08,91.26
2009-01-09,89.26
2009-01-12,87.21
2009-01-13,87.28
2009-01-14,84.52
2009-01-15,84.7
2009-01-16,85.23
2009-01-20,80.74
2009-01-21,84.25
2009-01-22,83.02
2009-01-23,83.22
2009-01-26,83.9
2009-01-27,84.74
2009-01-28,87.56
2009-01-29,84.73
2009-01-30,82.97
2009-02-02,82.72
2009-02-03,83.93
2009-02-04,83.54
2009-02-05,84.81
2009-02-06,87.18
2009-02-09,87.38
2009-02-10,83.23
2009-02-11,83.79
2009-02-12,83.93
2009-02-13,82.99
2009-02-17,79.35
2009-02-18,79.23
2009-02-19,78.41
2009-02-20,77.63
2009-02-23,74.92
2009-02-24,77.7
2009-02-25,76.97
2009-02-26,75.78
2009-02-27,74.21
2009-03-02,70.79
2009-03-03,70.18
2009-03-04,71.95
2009-03-05,68.96
2009-03-06,68.95
2009-03-09,68.19
2009-03-10,72.37
2009-03-11,72.72
2009-03-12,75.67
2009-03-13,76.28
2009-03-16,76.09
2009-03-17,78.37
2009-03-18,79.97
2009-03-19,79.08
2009-03-20,77.4
2009-03-23,83.04
2009-03-24,81.36
2009-03-25,81.57
2009-03-26,83.3
2009-03-27,81.8
2009-03-30,78.99
2009-03-31,79.62
2009-04-01,81.26
2009-04-02,83.63
2009-04-03,84.45
2009-04-06,83.75
2009-04-07,81.8
2009-04-08,82.7
2009-04-09,86
2009-04-13,86.1
2009-04-14,84.57
2009-04-15,85.48
2009-04-16,86.77
2009-04-17,87.28
2009-04-20,83.69
2009-04-21,85.32
2009-04-22,84.77
2009-04-23,85.6
2009-04-24,86.87
2009-04-27,86.11
2009-04-28,85.83
2009-04-29,87.6
2009-04-30,87.69
2009-05-01,88.12
2009-05-04,91.15
2009-05-05,90.77
2009-05-06,92.34
2009-05-07,91.04
2009-05-08,93.23
2009-05-11,91.41
2009-05-12,91.24
2009-05-13,89.04
2009-05-14,89.65
2009-05-15,88.94
2009-05-18,91.44
2009-05-19,91.33
2009-05-20,90.76
2009-05-21,89.4
2009-05-22,89.22
2009-05-26,91.6
2009-05-27,89.89
2009-05-28,91.13
2009-05-29,92.81
2009-06-01,95.02
2009-06-02,95.14
2009-06-03,93.94
2009-06-04,94.82
2009-06-05,94.86
2009-06-08,94.48
2009-06-09,94.92
2009-06-10,94.66
2009-06-11,95.08
2009-06-12,95.39
2009-06-15,93.18
2009-06-16,91.94
2009-06-17,91.77
2009-06-18,92.31
2009-06-19,92.84
2009-06-22,90.03
2009-06-23,89.64
2009-06-24,90.39
2009-06-25,92.31
2009-06-26,92.01
2009-06-29,92.98
2009-06-30,92.35
2009-07-01,92.63
2009-07-02,90.07
2009-07-06,90.1
2009-07-07,88.33
2009-07-08,88.29
2009-07-09,88.51
2009-07-10,88.25
2009-07-13,90.39
2009-07-14,90.96
2009-07-15,93.6
2009-07-16,94.44
2009-07-17,94.48
2009-07-20,95.33
2009-07-21,95.79
2009-07-22,95.84
2009-07-23,97.96
2009-07-24,98.39
2009-07-27,98.67
2009-07-28,98.41
2009-07-29,97.93
2009-07-30,98.95
2009-07-31,99.17
2009-08-03,100.67
2009-08-04,100.98
2009-08-05,100.69
2009-08-06,100.23
2009-08-07,101.49
2009-08-10,101.34
2009-08-11,100
2009-08-12,101.12
2009-08-13,101.88
2009-08-14,101.05
2009-08-17,98.57
2009-08-18,99.52
2009-08-19,100.3
2009-08-20,101.31
2009-08-21,103.28
2009-08-24,103.27
2009-08-25,103.5
2009-08-26,103.46
2009-08-27,103.78
2009-08-28,103.73
2009-08-31,102.8
2009-09-01,100.5
2009-09-02,100.11
2009-09-03,100.92
2009-09-04,102.36
2009-09-08,103.27
2009-09-09,104.06
2009-09-10,105.09
2009-09-11,105.14
2009-09-14,105.71
2009-09-15,106.04
2009-09-16,107.66
2009-09-17,107.53
2009-09-18,107.6
2009-09-21,107.29
2009-09-22,107.94
2009-09-23,106.56
2009-09-24,105.32
2009-09-25,104.86
2009-09-28,106.62
2009-09-29,106.32
2009-09-30,106.01
2009-10-01,103.32
2009-10-02,102.85
2009-10-05,104.35
2009-10-06,105.8
2009-10-07,106.11
2009-10-08,106.92
2009-10-09,107.55
2009-10-12,108.03
2009-10-13,107.83
2009-10-14,109.7
2009-10-15,110.07
2009-10-16,109.25
2009-10-19,110.17
2009-10-20,109.63
2009-10-21,108.56
2009-10-22,109.64
2009-10-23,108.46
2009-10-26,107.19
2009-10-27,106.77
2009-10-28,104.76
2009-10-29,106.96
2009-10-30,103.97
2009-11-02,104.63
2009-11-03,104.97
2009-11-04,105.1
2009-11-05,107.16
2009-11-06,107.51
2009-11-09,109.92
2009-11-10,109.89
2009-11-11,110.48
2009-11-12,109.37
2009-11-13,110.02
2009-11-16,111.55
2009-11-17,111.65
2009-11-18,111.62
2009-11-19,110.13
2009-11-20,109.89
2009-11-23,111.24
2009-11-24,111.29
2009-11-25,111.71
2009-11-27,109.97
2009-11-30,110.3
2009-12-01,111.58
2009-12-02,111.7
2009-12-03,110.76
2009-12-04,111.36
2009-12-07,111.19
2009-12-08,110.02
2009-12-09,110.35
2009-12-10,111
2009-12-11,111.47
2009-12-14,112.23
2009-12-15,111.69
2009-12-16,111.9
2009-12-17,110.48
2009-12-18,111.18
2009-12-21,112.21
2009-12-22,112.65
2009-12-23,112.93
2009-12-24,112.93
2009-12-28,113.13
2009-12-29,112.98
2009-12-30,112.89
2009-12-31,111.81
2010-01-04,113.65
2010-01-05,113.98
2010-01-06,114.07
2010-01-07,114.57
2010-01-08,114.96
2010-01-11,115.12
2010-01-12,114.06
2010-01-13,114.96
2010-01-14,115.3
2010-01-15,114
2010-01-19,115.41
2010-01-20,114.27
2010-01-21,112.03
2010-01-22,109.61
2010-01-25,110.16
2010-01-26,109.64
2010-01-27,110.2
2010-01-28,108.88
2010-01-29,107.66
2010-02-01,109.36
2010-02-02,110.73
2010-02-03,110.17
2010-02-04,106.8
2010-02-05,107.03
2010-02-08,106.2
2010-02-09,107.58
2010-02-10,107.33
2010-02-11,108.43
2010-02-12,108.39
2010-02-16,110.1
2010-02-17,110.59
2010-02-18,111.29
2010-02-19,111.52
2010-02-22,111.53
2010-02-23,110.13
2010-02-24,111.14
2010-02-25,111.05
2010-02-26,111.05
2010-03-01,112.22
2010-03-02,112.51
2010-03-03,112.68
2010-03-04,112.99
2010-03-05,114.62
2010-03-08,114.66
2010-03-09,114.79
2010-03-10,115.3
2010-03-11,115.82
2010-03-12,115.81
2010-03-15,115.88
2010-03-16,116.82
2010-03-17,117.48
2010-03-18,117.43
2010-03-19,116.82
2010-03-22,117.45
2010-03-23,118.3
2010-03-24,117.72
2010-03-25,117.01
2010-03-26,117.06
2010-03-29,117.71
2010-03-30,117.77
2010-03-31,117.34
2010-04-01,118.21
2010-04-05,119.16
2010-04-06,119.39
2010-04-07,118.76
2010-04-08,119.12
2010-04-09,119.9
2010-04-12,120.13
2010-04-13,120.24
2010-04-14,121.55
2010-04-15,121.68
2010-04-16,119.79
2010-04-19,120.19
2010-04-20,121.28
2010-04-21,121.06
2010-04-22,121.37
2010-04-23,122.14
2010-04-26,121.72
2010-04-27,118.87
2010-04-28,119.76
2010-04-29,121.23
2010-04-30,119.24
2010-05-03,120.76
2010-05-04,117.96
2010-05-05,117.23
2010-05-06,113.2
2010-05-07,111.46
2010-05-10,116.51
2010-05-11,116.16
2010-05-12,117.77
2010-05-13,116.37
2010-05-14,114.28
2010-05-17,114.29
2010-05-18,112.8
2010-05-19,112.14
2010-05-20,107.93
2010-05-21,109.4
2010-05-24,108.07
2010-05-25,108.16
2010-05-26,107.46
2010-05-27,111.12
2010-05-28,109.7
2010-06-01,107.84
2010-06-02,110.66
2010-06-03,111.04
2010-06-04,107.14
2010-06-07,105.85
2010-06-08,106.86
2010-06-09,106.32
2010-06-10,109.55
2010-06-11,109.99
2010-06-14,109.88
2010-06-15,112.32
2010-06-16,112.31
2010-06-17,112.51
2010-06-18,112.61
2010-06-21,112.27
2010-06-22,110.46
2010-06-23,109.58
2010-06-24,107.84
2010-06-25,108.27
2010-06-28,107.88
2010-06-29,104.58
2010-06-30,103.46
2010-07-01,103.21
2010-07-02,102.6
2010-07-06,103.25
2010-07-07,106.5
2010-07-08,107.53
2010-07-09,108.31
2010-07-12,108.42
2010-07-13,110.08
2010-07-14,110.04
2010-07-15,110.1
2010-07-16,107.05
2010-07-19,107.71
2010-07-20,108.86
2010-07-21,107.49
2010-07-22,109.84
2010-07-23,110.78
2010-07-26,111.98
2010-07-27,111.93
2010-07-28,111.2
2010-07-29,110.66
2010-07-30,110.69
2010-08-02,113.13
2010-08-03,112.58
2010-08-04,113.39
2010-08-05,113.26
2010-08-06,112.78
2010-08-09,113.39
2010-08-10,112.82
2010-08-11,109.7
2010-08-12,109
2010-08-13,108.69
2010-08-16,108.66
2010-08-17,109.97
2010-08-18,110.16
2010-08-19,108.3
2010-08-20,107.9
2010-08-23,107.5
2010-08-24,105.95
2010-08-25,106.3
2010-08-26,105.6
2010-08-27,107.22
2010-08-30,105.71
2010-08-31,105.79
2010-09-01,108.83
2010-09-02,109.86
2010-09-03,111.29
2010-09-07,110.09
2010-09-08,110.77
2010-09-09,111.3
2010-09-10,111.93
2010-09-13,113.16
2010-09-14,113.07
2010-09-15,113.49
2010-09-16,113.42
2010-09-17,113.44
2010-09-20,115.26
2010-09-21,114.98
2010-09-22,114.47
2010-09-23,113.53
2010-09-24,115.14
2010-09-27,114.61
2010-09-28,115.12
2010-09-29,114.83
2010-09-30,114.49
2010-10-01,115
2010-10-04,114.14
2010-10-05,116.39
2010-10-06,116.41
2010-10-07,116.3
2010-10-08,116.92
2010-10-11,117.05
2010-10-12,117.41
2010-10-13,118.28
2010-10-14,117.98
2010-10-15,118.12
2010-10-18,118.66
2010-10-19,117.12
2010-10-20,118.22
2010-10-21,118.52
2010-10-22,118.78
2010-10-25,119.05
2010-10-26,119.13
2010-10-27,118.77
2010-10-28,118.86
2010-10-29,118.89
2010-11-01,118.92
2010-11-02,119.87
2010-11-03,120.4
2010-11-04,122.63
2010-11-05,123.15
2010-11-08,122.92
2010-11-09,121.99
2010-11-10,122.5
2010-11-11,122.05
2010-11-12,120.6
2010-11-15,120.44
2010-11-16,118.51
2010-11-17,118.63
2010-11-18,120.38
2010-11-19,120.65
2010-11-22,120.57
2010-11-23,118.83
2010-11-24,120.61
2010-11-26,119.67
2010-11-29,119.57
2010-11-30,118.81
2010-12-01,121.4
2010-12-02,122.95
2010-12-03,123.28
2010-12-06,123.13
2010-12-07,123.22
2010-12-08,123.67
2010-12-09,124.23
2010-12-10,124.93
2010-12-13,124.97
2010-12-14,125.1
2010-12-15,124.55
2010-12-16,125.19
2010-12-17,125.4
2010-12-20,125.65
2010-12-21,126.43
2010-12-22,126.88
2010-12-23,126.09
2010-12-27,126.16
2010-12-28,126.3
2010-12-29,126.42
2010-12-30,126.24
2010-12-31,126.25
2011-01-03,127.52
2011-01-04,127.44
2011-01-05,128.09
2011-01-06,127.85
2011-01-07,127.62
2011-01-10,127.49
2011-01-11,127.92
2011-01-12,129.09
2011-01-13,128.91
2011-01-14,129.71
2011-01-18,130.04
2011-01-19,128.73
2011-01-20,128.57
2011-01-21,128.85
2011-01-24,129.61
2011-01-25,129.59
2011-01-26,130.21
2011-01-27,130.52
2011-01-28,128.14
2011-01-31,129.15
2011-02-01,131.24
2011-02-02,130.98
2011-02-03,131.25
2011-02-04,131.63
2011-02-07,132.46
2011-02-08,133.1
2011-02-09,132.76
2011-02-10,132.82
2011-02-11,133.6
2011-02-14,133.91
2011-02-15,133.5
2011-02-16,134.31
2011-02-17,134.76
2011-02-18,135.04
2011-02-22,132.35
2011-02-23,131.52
2011-02-24,131.44
2011-02-25,132.78
2011-02-28,133.62
2011-03-01,131.44
2011-03-02,131.65
2011-03-03,133.92
2011-03-04,132.96
2011-03-07,131.96
2011-03-08,133.04
2011-03-09,132.87
2011-03-10,130.44
2011-03-11,131.42
2011-03-14,130.54
2011-03-15,129.09
2011-03-16,126.67
2011-03-17,128.27
2011-03-18,128.78
2011-03-21,130.77
2011-03-22,130.31
2011-03-23,130.67
2011-03-24,131.94
2011-03-25,131.73
2011-03-28,131.44
2011-03-29,132.33
2011-03-30,133.2
2011-03-31,133.01
2011-04-01,133.61
2011-04-04,133.8
2011-04-05,133.65
2011-04-06,134.09
2011-04-07,133.78
2011-04-08,133.3
2011-04-11,132.91
2011-04-12,131.89
2011-04-13,131.88
2011-04-14,131.99
2011-04-15,132.56
2011-04-18,131
2011-04-19,131.72
2011-04-20,133.62
2011-04-21,134.21
2011-04-25,134.11
2011-04-26,135.23
2011-04-27,136.1
2011-04-28,136.57
2011-04-29,136.94
2011-05-02,136.73
2011-05-03,136.19
2011-05-04,135.28
2011-05-05,134.13
2011-05-06,134.61
2011-05-09,135.18
2011-05-10,136.34
2011-05-11,134.93
2011-05-12,135.52
2011-05-13,134.5
2011-05-16,133.64
2011-05-17,133.61
2011-05-18,134.83
2011-05-19,135.09
2011-05-20,134.09
2011-05-23,132.47
2011-05-24,132.42
2011-05-25,132.81
2011-05-26,133.46
2011-05-27,134
2011-05-31,135.31
2011-06-01,132.33
2011-06-02,132.16
2011-06-03,130.88
2011-06-06,129.5
2011-06-07,129.38
2011-06-08,128.85
2011-06-09,129.82
2011-06-10,128.04
2011-06-13,128.14
2011-06-14,129.75
2011-06-15,127.45
2011-06-16,127.68
2011-06-17,128.09
2011-06-20,128.79
2011-06-21,130.5
2011-06-22,129.71
2011-06-23,128.75
2011-06-24,127.29
2011-06-27,128.36
2011-06-28,130.03
2011-06-29,131.22
2011-06-30,132.42
2011-07-01,134.35
2011-07-05,134.3
2011-07-06,134.42
2011-07-07,135.9
2011-07-08,134.85
2011-07-11,132.49
2011-07-12,131.86
2011-07-13,132.33
2011-07-14,131.41
2011-07-15,132.16
2011-07-18,131.02
2011-07-19,133.21
2011-07-20,133.14
2011-07-21,134.96
2011-07-22,135.05
2011-07-25,134.34
2011-07-26,133.8
2011-07-27,131.08
2011-07-28,130.68
2011-07-29,129.81
2011-08-01,129.2
2011-08-02,125.99
2011-08-03,126.65
2011-08-04,120.67
2011-08-05,120.43
2011-08-08,112.63
2011-08-09,118.43
2011-08-10,112.6
2011-08-11,117.78
2011-08-12,118.58
2011-08-15,121.03
2011-08-16,120.01
2011-08-17,120.13
2011-08-18,114.85
2011-08-19,113.12
2011-08-22,113.12
2011-08-23,116.83
2011-08-24,118.51
2011-08-25,116.66
2011-08-26,118.42
2011-08-29,121.79
2011-08-30,122.04
2011-08-31,122.64
2011-09-01,121.39
2011-09-02,118.22
2011-09-06,117.39
2011-09-07,120.68
2011-09-08,119.45
2011-09-09,116.26
2011-09-12,117.06
2011-09-13,118.01
2011-09-14,119.67
2011-09-15,121.83
2011-09-16,122.55
2011-09-19,121.36
2011-09-20,121.22
2011-09-21,117.46
2011-09-22,113.87
2011-09-23,114.41
2011-09-26,116.59
2011-09-27,117.91
2011-09-28,115.46
2011-09-29,116.47
2011-09-30,113.69
2011-10-03,110.26
2011-10-04,112.56
2011-10-05,114.8
2011-10-06,116.9
2011-10-07,116.07
2011-10-10,119.98
2011-10-11,120.08
2011-10-12,121.07
2011-10-13,120.87
2011-10-14,122.94
2011-10-17,120.66
2011-10-18,123.06
2011-10-19,121.51
2011-10-20,122.09
2011-10-21,124.33
2011-10-24,125.95
2011-10-25,123.5
2011-10-26,124.75
2011-10-27,129.06
2011-10-28,129.05
2011-10-31,125.8
2011-11-01,122.46
2011-11-02,124.39
2011-11-03,126.66
2011-11-04,125.88
2011-11-07,126.65
2011-11-08,128.3
2011-11-09,123.57
2011-11-10,124.77
2011-11-11,127.1
2011-11-14,125.88
2011-11-15,126.58
2011-11-16,124.48
2011-11-17,122.5
2011-11-18,122.34
2011-11-21,120.05
2011-11-22,119.57
2011-11-23,116.93
2011-11-25,116.64
2011-11-28,120.04
2011-11-29,120.47
2011-11-30,125.4
2011-12-01,125.36
2011-12-02,125.34
2011-12-05,126.63
2011-12-06,126.7
2011-12-07,127.1
2011-12-08,124.41
2011-12-09,126.46
2011-12-12,124.64
2011-12-13,123.49
2011-12-14,122.13
2011-12-15,122.59
2011-12-16,122.78
2011-12-19,121.48
2011-12-20,125.12
2011-12-21,125.32
2011-12-22,125.8
2011-12-23,126.8
2011-12-27,126.88
2011-12-28,125.35
2011-12-29,126.54
2011-12-30,125.96
2012-01-03,128.02
2012-01-04,128.13
2012-01-05,128.55
2012-01-06,128.27
2012-01-09,128.43
2012-01-10,129.59
2012-01-11,129.69
2012-01-12,130
2012-01-13,129.5
2012-01-17,129.75
2012-01-18,131.2
2012-01-19,131.94
2012-01-20,131.91
2012-01-23,132.03
2012-01-24,131.91
2012-01-25,133.01
2012-01-26,132.33
2012-01-27,132.25
2012-01-30,131.79
2012-01-31,131.77
2012-02-01,132.88
2012-02-02,133.17
2012-02-03,135.04
2012-02-06,134.87
2012-02-07,135.23
2012-02-08,135.63
2012-02-09,135.82
2012-02-10,134.88
2012-02-13,135.82
2012-02-14,135.67
2012-02-15,135.07
2012-02-16,136.52
2012-02-17,136.85
2012-02-21,136.95
2012-02-22,136.49
2012-02-23,137.14
2012-02-24,137.37
2012-02-27,137.67
2012-02-28,138.05
2012-02-29,137.32
2012-03-01,138.21
2012-03-02,137.85
2012-03-05,137.28
2012-03-06,135.16
2012-03-07,136.17
2012-03-08,137.51
2012-03-09,138.05
2012-03-12,138.07
2012-03-13,140.56
2012-03-14,140.38
2012-03-15,141.22
2012-03-16,141.41
2012-03-19,141.99
2012-03-20,141.56
2012-03-21,141.3
2012-03-22,140.33
2012-03-23,140.81
2012-03-26,142.06
2012-03-27,141.67
2012-03-28,141
2012-03-29,140.71
2012-03-30,141.21
2012-04-02,142.32
2012-04-03,141.78
2012-04-04,140.27
2012-04-05,140.3
2012-04-09,138.69
2012-04-10,136.4
2012-04-11,137.34
2012-04-12,139.3
2012-04-13,137.59
2012-04-16,137.48
2012-04-17,139.53
2012-04-18,139.11
2012-04-19,138.28
2012-04-20,138.4
2012-04-23,137.28
2012-04-24,137.79
2012-04-25,139.73
2012-04-26,140.66
2012-04-27,140.91
2012-04-30,140.28
2012-05-01,141.21
2012-05-02,140.84
2012-05-03,139.79
2012-05-04,137.49
2012-05-07,137.55
2012-05-08,136.99
2012-05-09,136.17
2012-05-10,136.49
2012-05-11,136.03
2012-05-14,134.62
2012-05-15,133.83
2012-05-16,133.33
2012-05-17,131.35
2012-05-18,130.22
2012-05-21,132.43
2012-05-22,132.66
2012-05-23,132.74
2012-05-24,132.84
2012-05-25,132.56
2012-05-29,134.15
2012-05-30,132.19
2012-05-31,131.85
2012-06-01,128.76
2012-06-04,128.6
2012-06-05,129.33
2012-06-06,132.36
2012-06-07,132.53
2012-06-08,133.52
2012-06-11,132.54
2012-06-12,133.47
2012-06-13,132.57
2012-06-14,133.92
2012-06-15,135.2
2012-06-18,135.51
2012-06-19,136.27
2012-06-20,135.99
2012-06-21,133.02
2012-06-22,133.96
2012-06-25,131.78
2012-06-26,132.46
2012-06-27,133.71
2012-06-28,133.39
2012-06-29,136.75
2012-07-02,137.04
2012-07-03,137.97
2012-07-05,137.34
2012-07-06,135.95
2012-07-09,135.84
2012-07-10,134.69
2012-07-11,134.64
2012-07-12,134.02
2012-07-13,136.3
2012-07-16,135.98
2012-07-17,136.9
2012-07-18,138.01
2012-07-19,138.29
2012-07-20,137.01
2012-07-23,135.67
2012-07-24,134.54
2012-07-25,134.49
2012-07-26,136.67
2012-07-27,139.33
2012-07-30,139.24
2012-07-31,138.45
2012-08-01,138.16
2012-08-02,137.2
2012-08-03,139.87
2012-08-06,140.2
2012-08-07,140.91
2012-08-08,141.11
2012-08-09,141.2
2012-08-10,141.38
2012-08-13,141.32
2012-08-14,141.4
2012-08-15,141.56
2012-08-16,142.56
2012-08-17,142.79
2012-08-20,142.83
2012-08-21,142.37
2012-08-22,142.4
2012-08-23,141.26
2012-08-24,142.17
2012-08-27,142.11
2012-08-28,141.96
2012-08-29,142.1
2012-08-30,141.08
2012-08-31,141.88
2012-09-04,141.28
2012-09-05,141.48
2012-09-06,144.35
2012-09-07,145
2012-09-10,144.1
2012-09-11,144.46
2012-09-12,145.04
2012-09-13,147.33
2012-09-14,147.88
2012-09-17,147.42
2012-09-18,147.28
2012-09-19,147.39
2012-09-20,147.33
2012-09-21,147.17
2012-09-24,147.02
2012-09-25,144.76
2012-09-26,143.93
2012-09-27,145.31
2012-09-28,144.4
2012-10-01,144.92
2012-10-02,145.13
2012-10-03,145.66
2012-10-04,146.81
2012-10-05,146.7
2012-10-08,146.22
2012-10-09,144.84
2012-10-10,143.93
2012-10-11,144.02
2012-10-12,143.41
2012-10-15,144.6
2012-10-16,146.2
2012-10-17,146.78
2012-10-18,146.47
2012-10-19,143.86
2012-10-22,144.02
2012-10-23,141.95
2012-10-24,141.59
2012-10-25,142.02
2012-10-26,141.93
2012-10-31,141.48
2012-11-01,143.46
2012-11-02,142.1
2012-11-05,142.41
2012-11-06,143.51
2012-11-07,140.25
2012-11-08,138.58
2012-11-09,138.6
2012-11-12,138.87
2012-11-13,138.32
2012-11-14,136.58
2012-11-15,136.28
2012-11-16,136.84
2012-11-19,139.74
2012-11-20,139.79
2012-11-21,140.08
2012-11-23,141.83
2012-11-26,141.78
2012-11-27,140.93
2012-11-28,142.01
2012-11-29,142.71
2012-11-30,142.71
2012-12-03,142.04
2012-12-04,141.8
2012-12-05,142.06
2012-12-06,142.5
2012-12-07,143
2012-12-10,143.13
2012-12-11,143.96
2012-12-12,144.16
2012-12-13,143.26
2012-12-14,142.76
2012-12-17,144.34
2012-12-18,146.05
2012-12-19,144.03
2012-12-20,144.83
2012-12-21,143.51
2012-12-24,143.06
2012-12-26,142.39
2012-12-27,142.25
2012-12-28,140.64
2012-12-31,143.14
2013-01-02,146.63
2013-01-03,146.44
2013-01-04,147.16
2013-01-07,146.7
2013-01-08,146.3
2013-01-09,146.69
2013-01-10,147.8
2013-01-11,147.87
2013-01-14,147.74
2013-01-15,147.8
2013-01-16,147.74
2013-01-17,148.74
2013-01-18,149.13
2013-01-22,149.86
2013-01-23,150.14
2013-01-24,150.18
2013-01-25,150.92
2013-01-28,150.92
2013-01-29,151.42
2013-01-30,150.86
2013-01-31,150.46
2013-02-01,152.03
2013-02-04,150.37
2013-02-05,151.76
2013-02-06,151.96
2013-02-07,151.78
2013-02-08,152.55
2013-02-11,152.5
2013-02-12,152.84
2013-02-13,152.94
2013-02-14,153.12
2013-02-15,152.95
2013-02-19,154
2013-02-20,152.06
2013-02-21,151.18
2013-02-22,152.63
2013-02-25,149.77
2013-02-26,150.79
2013-02-27,152.63
2013-02-28,152.5
2013-03-01,152.88
2013-03-04,153.64
2013-03-05,155.03
2013-03-06,155.35
2013-03-07,155.62
2013-03-08,156.28
2013-03-11,156.82
2013-03-12,156.45
2013-03-13,156.67
2013-03-14,157.55
2013-03-15,157.37
2013-03-18,156.42
2013-03-19,156.16
2013-03-20,157.16
2013-03-21,155.86
2013-03-22,157.08
2013-03-25,155.82
2013-03-26,157.01
2013-03-27,156.9
2013-03-28,157.36
2013-04-01,156.84
2013-04-02,157.58
2013-04-03,156.04
2013-04-04,156.64
2013-04-05,155.97
2013-04-08,156.93
2013-04-09,157.51
2013-04-10,159.48
2013-04-11,160
2013-04-12,159.58
2013-04-15,155.93
2013-04-16,158.2
2013-04-17,155.82
2013-04-18,154.92
2013-04-19,156.17
2013-04-22,157
2013-04-23,158.6
2013-04-24,158.59
2013-04-25,159.34
2013-04-26,159
2013-04-29,160.1
2013-04-30,160.45
2013-05-01,159.1
2013-05-02,160.54
2013-05-03,162.13
2013-05-06,162.56
2013-05-07,163.39
2013-05-08,164.16
2013-05-09,163.72
2013-05-10,164.23
2013-05-13,164.37
2013-05-14,166.13
2013-05-15,166.97
2013-05-16,166.17
2013-05-17,167.8
2013-05-20,167.84
2013-05-21,168.05
2013-05-22,166.79
2013-05-23,166.3
2013-05-24,166.15
2013-05-28,167.17
2013-05-29,166.04
2013-05-30,166.7
2013-05-31,164.3
2013-06-03,165.17
2013-06-04,164.42
2013-06-05,162.04
2013-06-06,163.52
2013-06-07,165.62
2013-06-10,165.6
2013-06-11,163.97
2013-06-12,162.6
2013-06-13,165.07
2013-06-14,164.02
2013-06-17,165.36
2013-06-18,166.57
2013-06-19,164.39
2013-06-20,160.21
2013-06-21,160.7
2013-06-24,158.64
2013-06-25,160.21
2013-06-26,160.97
2013-06-27,161.91
2013-06-28,160.88
2013-07-01,162.21
2013-07-02,161.95
2013-07-03,162.12
2013-07-05,163.91
2013-07-08,164.81
2013-07-09,165.99
2013-07-10,166.06
2013-07-11,168.46
2013-07-12,168.4
2013-07-15,169.15
2013-07-16,168.44
2013-07-17,168.8
2013-07-18,169.76
2013-07-19,170.15
2013-07-22,170.42
2013-07-23,170.07
2013-07-24,169.47
2013-07-25,169.79
2013-07-26,170.02
2013-07-29,169.52
2013-07-30,169.49
2013-07-31,169.55
2013-08-01,171.55
2013-08-02,171.86
2013-08-05,171.69
2013-08-06,170.78
2013-08-07,170.11
2013-08-08,170.7
2013-08-09,170.23
2013-08-12,169.97
2013-08-13,170.58
2013-08-14,169.67
2013-08-15,167.23
2013-08-16,166.72
2013-08-19,165.65
2013-08-20,166.44
2013-08-21,165.41
2013-08-22,166.91
2013-08-23,167.54
2013-08-26,166.88
2013-08-27,164.19
2013-08-28,164.75
2013-08-29,165.04
2013-08-30,164.4
2013-09-03,165.22
2013-09-04,166.59
2013-09-05,166.76
2013-09-06,166.89
2013-09-09,168.55
2013-09-10,169.72
2013-09-11,170.29
2013-09-12,169.94
2013-09-13,170.18
2013-09-16,171.3
2013-09-17,171.99
2013-09-18,174.01
2013-09-19,173.78
2013-09-20,172.47
2013-09-23,171.75
2013-09-24,170.54
2013-09-25,170.05
2013-09-26,170.58
2013-09-27,169.85
2013-09-30,168.9
2013-10-01,170.27
2013-10-02,170.01
2013-10-03,168.55
2013-10-04,169.79
2013-10-07,168.34
2013-10-08,166.42
2013-10-09,166.49
2013-10-10,170.14
2013-10-11,171.2
2013-10-14,171.97
2013-10-15,170.58
2013-10-16,173.04
2013-10-17,174.15
2013-10-18,175.33
2013-10-21,175.36
2013-10-22,176.3
2013-10-23,175.62
2013-10-24,176.2
2013-10-25,176.99
2013-10-28,177.19
2013-10-29,178.24
2013-10-30,177.37
2013-10-31,176.69
2013-11-01,177.21
2013-11-04,177.81
2013-11-05,177.31
2013-11-06,178.16
2013-11-07,175.91
2013-11-08,178.3
2013-11-11,178.3
2013-11-12,177.9
2013-11-13,179.28
2013-11-14,180.35
2013-11-15,181.12
2013-11-18,180.52
2013-11-19,180.08
2013-11-20,179.51
2013-11-21,180.9
2013-11-22,181.84
2013-11-25,181.66
2013-11-26,181.69
2013-11-27,182.14
2013-11-29,181.96
2013-12-02,181.57
2013-12-03,180.88
2013-12-04,180.67
2013-12-05,179.99
2013-12-06,181.99
2013-12-09,182.39
2013-12-10,181.83
2013-12-11,179.72
2013-12-12,179.17
2013-12-13,179.1
2013-12-16,180.17
2013-12-17,179.56
2013-12-18,182.67
2013-12-19,182.56
2013-12-20,183.53
2013-12-23,183.59
2013-12-24,184.12
2013-12-26,185.01
2013-12-27,184.97
2013-12-30,184.88
2013-12-31,185.65
2014-01-02,184.01
2014-01-03,183.93
2014-01-06,183.43
2014-01-07,184.56
2014-01-08,184.66
2014-01-09,184.75
2014-01-10,185.23
2014-01-13,182.78
2014-01-14,184.73
2014-01-15,185.78
2014-01-16,185.46
2014-01-17,184.75
2014-01-21,185.26
2014-01-22,185.39
2014-01-23,183.87
2014-01-24,179.9
2014-01-27,178.96
2014-01-28,180.12
2014-01-29,178.38
2014-01-30,180.3
2014-01-31,179.17
2014-02-03,175.17
2014-02-04,176.37
2014-02-05,176.14
2014-02-06,178.49
2014-02-07,180.82
2014-02-10,181.07
2014-02-11,183.07
2014-02-12,183.22
2014-02-13,184.11
2014-02-14,185.09
2014-02-18,185.37
2014-02-19,184.14
2014-02-20,185.18
2014-02-21,185.08
2014-02-24,185.86
2014-02-25,185.95
2014-02-26,185.95
2014-02-27,186.94
2014-02-28,187.34
2014-03-03,186.09
2014-03-04,188.82
2014-03-05,188.74
2014-03-06,189.28
2014-03-07,189.4
2014-03-10,189.32
2014-03-11,188.38
2014-03-12,188.4
2014-03-13,186.27
2014-03-14,185.76
2014-03-17,187.46
2014-03-18,188.84
2014-03-19,187.8
2014-03-20,188.9
2014-03-21,188.19
2014-03-24,187.4
2014-03-25,187.49
2014-03-26,186.09
2014-03-27,185.77
2014-03-28,186.56
2014-03-31,188.14
2014-04-01,189.38
2014-04-02,189.99
2014-04-03,189.81
2014-04-04,187.56
2014-04-07,185.41
2014-04-08,186.24
2014-04-09,188.24
2014-04-10,184.23
2014-04-11,182.6
2014-04-14,184.03
2014-04-15,185.36
2014-04-16,187.25
2014-04-17,187.54
2014-04-21,188.22
2014-04-22,189.01
2014-04-23,188.62
2014-04-24,189.02
2014-04-25,187.45
2014-04-28,188.07
2014-04-29,188.87
2014-04-30,189.54
2014-05-01,189.42
2014-05-02,189.26
2014-05-05,189.6
2014-05-06,187.96
2014-05-07,188.99
2014-05-08,188.87
2014-05-09,189.21
2014-05-12,190.88
2014-05-13,191.14
2014-05-14,190.19
2014-05-15,188.55
2014-05-16,189.24
2014-05-19,189.87
2014-05-20,188.68
2014-05-21,190.26
2014-05-22,190.74
2014-05-23,191.55
2014-05-27,192.73
2014-05-28,192.56
2014-05-29,193.53
2014-05-30,193.87
2014-06-02,194.11
2014-06-03,193.99
2014-06-04,194.34
2014-06-05,195.63
2014-06-06,196.62
2014-06-09,196.84
2014-06-10,196.8
2014-06-11,196.17
2014-06-12,194.73
2014-06-13,195.36
2014-06-16,195.54
2014-06-17,196
2014-06-18,197.53
2014-06-19,197.69
2014-06-20,198.06
2014-06-23,198.1
2014-06-24,196
2014-06-25,196.8
2014-06-26,196.66
2014-06-27,197.26
2014-06-30,197
2014-07-01,198.3
2014-07-02,198.49
2014-07-03,199.51
2014-07-07,198.85
2014-07-08,197.57
2014-07-09,198.45
2014-07-10,197.56
2014-07-11,197.9
2014-07-14,198.85
2014-07-15,198.49
2014-07-16,199.29
2014-07-17,197
2014-07-18,198.94
2014-07-21,198.57
2014-07-22,199.51
2014-07-23,199.9
2014-07-24,199.89
2014-07-25,199.01
2014-07-28,199.08
2014-07-29,198.19
2014-07-30,198.25
2014-07-31,194.25
2014-08-01,193.74
2014-08-04,195.12
2014-08-05,193.2
2014-08-06,193.27
2014-08-07,192.25
2014-08-08,194.47
2014-08-11,195.08
2014-08-12,194.8
2014-08-13,196.11
2014-08-14,196.95
2014-08-15,197.02
2014-08-18,198.62
2014-08-19,199.71
2014-08-20,200.24
2014-08-21,200.75
2014-08-22,200.46
2014-08-25,201.5
2014-08-26,201.65
2014-08-27,201.61
2014-08-28,201.42
2014-08-29,201.96
2014-09-02,201.88
2014-09-03,201.85
2014-09-04,201.51
2014-09-05,202.43
2014-09-08,201.93
2014-09-09,200.67
2014-09-10,201.43
2014-09-11,201.62
2014-09-12,200.48
2014-09-15,200.26
2014-09-16,201.8
2014-09-17,202.05
2014-09-18,203.11
2014-09-19,202.87
2014-09-22,201.39
2014-09-23,200.28
2014-09-24,200.89
2014-09-25,197.59
2014-09-26,199.29
2014-09-29,198.78
2014-09-30,198.26
2014-10-01,195.66
2014-10-02,195.68
2014-10-03,197.82
2014-10-06,197.56
2014-10-07,194.56
2014-10-08,197.94
2014-10-09,193.9
2014-10-10,191.8
2014-10-13,188.56
2014-10-14,189
2014-10-15,187.49
2014-10-16,187.43
2014-10-17,189.77
2014-10-20,191.58
2014-10-21,195.35
2014-10-22,194
2014-10-23,196.28
2014-10-24,197.68
2014-10-27,197.43
2014-10-28,199.67
2014-10-29,199.44
2014-10-30,200.81
2014-10-31,202.99
2014-11-03,203.11
2014-11-04,202.43
2014-11-05,203.73
2014-11-06,204.5
2014-11-07,204.76
2014-11-10,205.3
2014-11-11,205.52
2014-11-12,205.36
2014-11-13,205.49
2014-11-14,205.58
2014-11-17,205.66
2014-11-18,206.91
2014-11-19,206.6
2014-11-20,206.92
2014-11-21,208.04
2014-11-24,208.68
2014-11-25,208.54
2014-11-26,209.04
2014-11-28,208.58
2014-12-01,207.18
2014-12-02,208.48
2014-12-03,209.3
2014-12-04,209.05
2014-12-05,209.44
2014-12-08,207.98
2014-12-09,207.84
2014-12-10,204.6
2014-12-11,205.54
2014-12-12,202.25
2014-12-15,200.82
2014-12-16,199.26
2014-12-17,203.13
2014-12-18,208.11
2014-12-19,209.01
2014-12-22,209.99
2014-12-23,210.32
2014-12-24,209.29
2014-12-26,209.85
2014-12-29,210.21
2014-12-30,209.01
2014-12-31,206.87
2015-01-02,206.73
2015-01-05,203.1
2015-01-06,201.27
2015-01-07,203.76
2015-01-08,207.4
2015-01-09,205.65
2015-01-12,204.09
2015-01-13,203.56
2015-01-14,202.33
2015-01-15,200.43
2015-01-16,203
2015-01-20,203.5
2015-01-21,204.5
2015-01-22,207.5
2015-01-23,206.39
2015-01-26,206.94
2015-01-27,204.16
2015-01-28,201.52
2015-01-29,203.45
2015-01-30,200.87
2015-02-02,203.31
2015-02-03,206.2
2015-02-04,205.47
2015-02-05,207.62
2015-02-06,206.95
2015-02-09,206.06
2015-02-10,208.29
2015-02-11,208.39
2015-02-12,210.33
2015-02-13,211.28
2015-02-17,211.66
2015-02-18,211.62
2015-02-19,211.45
2015-02-20,212.74
2015-02-23,212.67
2015-02-24,213.31
2015-02-25,213.15
2015-02-26,212.91
2015-02-27,212.21
2015-03-02,213.56
2015-03-03,212.6
2015-03-04,211.71
2015-03-05,211.93
2015-03-06,208.98
2015-03-09,209.85
2015-03-10,206.42
2015-03-11,205.98
2015-03-12,208.55
2015-03-13,207.27
2015-03-16,210.14
2015-03-17,209.43
2015-03-18,211.9
2015-03-19,210.99
2015-03-20,212.85
2015-03-23,212.5
2015-03-24,211.17
2015-03-25,207.19
2015-03-26,206.68
2015-03-27,207.1
2015-03-30,209.62
2015-03-31,207.83
2015-04-01,207.18
2015-04-02,207.76
2015-04-06,209.28
2015-04-07,208.66
2015-04-08,209.41
2015-04-09,210.33
2015-04-10,211.43
2015-04-13,210.46
2015-04-14,210.83
2015-04-15,211.91
2015-04-16,211.81
2015-04-17,209.36
2015-04-20,211.28
2015-04-21,211.06
2015-04-22,212.08
2015-04-23,212.61
2015-04-24,213.08
2015-04-27,212.24
2015-04-28,212.82
2015-04-29,211.99
2015-04-30,209.85
2015-05-01,212.12
2015-05-04,212.8
2015-05-05,210.34
2015-05-06,209.47
2015-05-07,210.29
2015-05-08,213.03
2015-05-11,212
2015-05-12,211.35
2015-05-13,211.43
2015-05-14,213.69
2015-05-15,213.91
2015-05-18,214.54
2015-05-19,214.5
2015-05-20,214.29
2015-05-21,214.91
2015-05-22,214.46
2015-05-26,212.13
2015-05-27,214.16
2015-05-28,213.88
2015-05-29,212.58
2015-06-01,212.95
2015-06-02,212.78
2015-06-03,213.38
2015-06-04,211.66
2015-06-05,211.19
2015-06-08,209.89
2015-06-09,209.82
2015-06-10,212.31
2015-06-11,213.03
2015-06-12,211.41
2015-06-15,210.53
2015-06-16,211.7
2015-06-17,211.99
2015-06-18,214.12
2015-06-19,212.85
2015-06-22,214.37
2015-06-23,214.47
2015-06-24,211.78
2015-06-25,211.11
2015-06-26,211.17
2015-06-29,206.73
2015-06-30,207.22
2015-07-01,208.84
2015-07-02,208.59
2015-07-06,208.04
2015-07-07,209.32
2015-07-08,205.79
2015-07-09,206.16
2015-07-10,208.79
2015-07-13,211.09
2015-07-14,211.97
2015-07-15,211.89
2015-07-16,213.55
2015-07-17,213.78
2015-07-20,213.86
2015-07-21,213.03
2015-07-22,212.62
2015-07-23,211.47
2015-07-24,209.25
2015-07-27,207.99
2015-07-28,210.58
2015-07-29,211.99
2015-07-30,212.06
2015-07-31,211.76
2015-08-03,211.04
2015-08-04,210.6
2015-08-05,211.39
2015-08-06,209.69
2015-08-07,209.18
2015-08-10,211.83
2015-08-11,209.92
2015-08-12,210.12
2015-08-13,209.91
2015-08-14,210.63
2015-08-17,211.87
2015-08-18,211.27
2015-08-19,209.57
2015-08-20,205.12
2015-08-21,198.81
2015-08-24,190.52
2015-08-25,188.28
2015-08-26,195.68
2015-08-27,200.49
2015-08-28,200.48
2015-08-31,198.75
2015-09-01,192.73
2015-09-02,196.54
2015-09-03,196.71
2015-09-04,193.66
2015-09-08,198.67
2015-09-09,195.91
2015-09-10,196.96
2015-09-11,197.92
2015-09-14,197.15
2015-09-15,199.62
2015-09-16,201.41
2015-09-17,200.9
2015-09-18,197.55
2015-09-21,198.59
2015-09-22,196.09
2015-09-23,195.76
2015-09-24,195.06
2015-09-25,193.85
2015-09-28,189.01
2015-09-29,189.04
2015-09-30,192.71
2015-10-01,193.24
2015-10-02,196.07
2015-10-05,199.62
2015-10-06,198.87
2015-10-07,200.51
2015-10-08,202.35
2015-10-09,202.5
2015-10-12,202.68
2015-10-13,201.37
2015-10-14,200.36
2015-10-15,203.43
2015-10-16,204.33
2015-10-19,204.49
2015-10-20,204.19
2015-10-21,203
2015-10-22,206.34
2015-10-23,208.66
2015-10-26,208.18
2015-10-27,207.78
2015-10-28,210.11
2015-10-29,210
2015-10-30,209.05
2015-11-02,211.6
2015-11-03,212.13
2015-11-04,211.58
2015-11-05,211.32
2015-11-06,211.24
2015-11-09,209.21
2015-11-10,209.72
2015-11-11,208.91
2015-11-12,205.97
2015-11-13,203.67
2015-11-16,206.82
2015-11-17,206.55
2015-11-18,209.87
2015-11-19,209.67
2015-11-20,210.62
2015-11-23,210.22
2015-11-24,210.52
2015-11-25,210.53
2015-11-27,210.71
2015-11-30,209.87
2015-12-01,211.93
2015-12-02,209.74
2015-12-03,206.76
2015-12-04,210.8
2015-12-07,209.5
2015-12-08,208.13
2015-12-09,206.49
2015-12-10,207.01
2015-12-11,202.89
2015-12-14,204.18
2015-12-15,206.19
2015-12-16,209.17
2015-12-17,206.08
2015-12-18,202.22
2015-12-21,203.96
2015-12-22,205.85
2015-12-23,208.44
2015-12-24,206.83
2015-12-28,206.34
2015-12-29,208.51
2015-12-30,206.97
2015-12-31,204.87
2016-01-04,202
2016-01-05,202.42
2016-01-06,199.77
2016-01-07,194.99
2016-01-08,192.83
2016-01-11,193.03
2016-01-12,194.52
2016-01-13,189.79
2016-01-14,192.8
2016-01-15,188.74
2016-01-19,188.84
2016-01-20,186.65
2016-01-21,187.62
2016-01-22,191.49
2016-01-25,188.57
2016-01-26,191.13
2016-01-27,189.08
2016-01-28,190.11
2016-01-29,194.62
2016-02-01,194.6
2016-02-02,191.09
2016-02-03,192.11
2016-02-04,192.53
2016-02-05,188.85
2016-02-08,186.31
2016-02-09,186.24
2016-02-10,186.15
2016-02-11,183.83
2016-02-12,187.55
2016-02-16,190.67
2016-02-17,193.83
2016-02-18,193.05
2016-02-19,192.93
2016-02-22,195.72
2016-02-23,193.34
2016-02-24,194.22
2016-02-25,196.5
2016-02-26,196.15
2016-02-29,194.51
2016-03-01,199.19
2016-03-02,200.07
2016-03-03,200.78
2016-03-04,201.48
2016-03-07,201.68
2016-03-08,199.38
2016-03-09,200.41
2016-03-10,200.52
2016-03-11,203.84
2016-03-14,203.56
2016-03-15,203.22
2016-03-16,204.52
2016-03-17,205.81
2016-03-18,206.57
2016-03-21,206.87
2016-03-22,206.75
2016-03-23,204.3
2016-03-24,204.18
2016-03-28,204.31
2016-03-29,206.26
2016-03-30,207.13
2016-03-31,206.65
2016-04-01,207.97
2016-04-04,207.29
2016-04-05,205.26
2016-04-06,207.48
2016-04-07,204.97
2016-04-08,205.58
2016-04-11,205
2016-04-12,207.02
2016-04-13,209.1
2016-04-14,209.12
2016-04-15,208.79
2016-04-18,210.31
2016-04-19,210.95
2016-04-20,211.11
2016-04-21,210.06
2016-04-22,210.03
2016-04-25,209.66
2016-04-26,210.01
2016-04-27,210.4
2016-04-28,208.58
2016-04-29,207.46
2016-05-02,209.08
2016-05-03,207.25
2016-05-04,206.07
2016-05-05,206.01
2016-05-06,206.81
2016-05-09,207.01
2016-05-10,209.52
2016-05-11,207.57
2016-05-12,207.67
2016-05-13,205.75
2016-05-16,207.83
2016-05-17,206
2016-05-18,206.02
2016-05-19,205.29
2016-05-20,206.54
2016-05-23,206.26
2016-05-24,208.94
2016-05-25,210.35
2016-05-26,210.43
2016-05-27,211.3
2016-05-31,210.97
2016-06-01,211.37
2016-06-02,212.06
2016-06-03,211.35
2016-06-06,212.52
2016-06-07,212.77
2016-06-08,213.45
2016-06-09,213.2
2016-06-10,211.19
2016-06-13,209.52
2016-06-14,209.14
2016-06-15,208.77
2016-06-16,209.45
2016-06-17,208.66
2016-06-20,210.04
2016-06-21,209.62
2016-06-22,209.27
2016-06-23,212
2016-06-24,204.49
2016-06-27,200.63
2016-06-28,204.38
2016-06-29,207.8
2016-06-30,210.5
2016-07-01,211.13
2016-07-05,209.64
2016-07-06,210.84
2016-07-07,210.66
2016-07-08,213.86
2016-07-11,214.67
2016-07-12,216.18
2016-07-13,216.16
2016-07-14,217.35
2016-07-15,217.03
2016-07-18,217.63
2016-07-19,217.39
2016-07-20,218.31
2016-07-21,217.52
2016-07-22,218.47
2016-07-25,217.91
2016-07-26,218
2016-07-27,217.78
2016-07-28,218.04
2016-07-29,218.37
2016-08-01,218.12
2016-08-02,216.83
2016-08-03,217.47
2016-08-04,217.67
2016-08-05,219.4
2016-08-08,219.28
2016-08-09,219.42
2016-08-10,218.88
2016-08-11,219.89
2016-08-12,219.71
2016-08-15,220.37
2016-08-16,219.25
2016-08-17,219.65
2016-08-18,220.16
2016-08-19,219.82
2016-08-22,219.75
2016-08-23,220.21
2016-08-24,219.17
2016-08-25,218.95
2016-08-26,218.56
2016-08-29,219.6
2016-08-30,219.26
2016-08-31,218.65
2016-09-01,218.67
2016-09-02,219.63
2016-09-06,220.37
2016-09-07,220.33
2016-09-08,219.81
2016-09-09,214.54
2016-09-12,217.63
2016-09-13,214.47
2016-09-14,214.35
2016-09-15,216.52
2016-09-16,215.62
2016-09-19,215.73
2016-09-20,215.75
2016-09-21,218.16
2016-09-22,219.5
2016-09-23,218.35
2016-09-26,215.45
2016-09-27,216.76
2016-09-28,217.9
2016-09-29,215.94
2016-09-30,217.56
2016-10-03,216.89
2016-10-04,215.94
2016-10-05,216.89
2016-10-06,217.1
2016-10-07,216.25
2016-10-10,217.34
2016-10-11,214.66
2016-10-12,214.93
2016-10-13,214.27
2016-10-14,214.29
2016-10-17,213.58
2016-10-18,214.9
2016-10-19,215.43
2016-10-20,215.06
2016-10-21,215.16
2016-10-24,216.11
2016-10-25,215.42
2016-10-26,214.97
2016-10-27,214.38
2016-10-28,213.75
2016-10-31,213.69
2016-11-01,212.23
2016-11-02,210.9
2016-11-03,210.02
2016-11-04,209.67
2016-11-07,214.32
2016-11-08,215.31
2016-11-09,217.69
2016-11-10,218.12
2016-11-11,217.73
2016-11-14,217.79
2016-11-15,219.52
2016-11-16,219.24
2016-11-17,220.23
2016-11-18,219.79
2016-11-21,221.39
2016-11-22,221.76
2016-11-23,222
2016-11-25,222.81
2016-11-28,221.83
2016-11-29,222.19
2016-11-30,221.53
2016-12-01,220.73
2016-12-02,220.91
2016-12-05,222.19
2016-12-06,222.99
2016-12-07,225.87
2016-12-08,226.41
2016-12-09,227.85
2016-12-12,227.57
2016-12-13,229.05
2016-12-14,227.32
2016-12-15,228.08
2016-12-16,227.73
2016-12-19,228.15
2016-12-20,229.05
2016-12-21,227.18
2016-12-22,226.85
2016-12-23,227
2016-12-27,227.64
2016-12-28,225.77
2016-12-29,225.75
2016-12-30,224.99
2017-01-03,226.58
2017-01-04,227.95
2017-01-05,227.74
2017-01-06,228.64
2017-01-09,227.9
2017-01-10,227.8
2017-01-11,228.41
2017-01-12,227.97
2017-01-13,228.39
2017-01-17,227.64
2017-01-18,228.08
2017-01-19,227.35
2017-01-20,228.1
2017-01-23,227.57
2017-01-24,228.96
2017-01-25,230.82
2017-01-26,230.75
2017-01-27,230.4
2017-01-30,229.03
2017-01-31,228.93
2017-02-01,229.05
2017-02-02,229.13
2017-02-03,230.79
2017-02-06,230.38
2017-02-07,230.37
2017-02-08,230.65
2017-02-09,232
2017-02-10,232.91
2017-02-13,234.2
2017-02-14,235.14
2017-02-15,236.34
2017-02-16,236.22
2017-02-17,236.49
2017-02-21,237.92
2017-02-22,237.78
2017-02-23,237.97
2017-02-24,238.26
2017-02-27,238.63
2017-02-28,238.03
2017-03-01,241.22
2017-03-02,239.83
2017-03-03,239.97
2017-03-06,239.27
2017-03-07,238.57
2017-03-08,238.09
2017-03-09,238.32
2017-03-10,239.15
2017-03-13,239.29
2017-03-14,238.44
2017-03-15,240.39
2017-03-16,240.08
2017-03-17,239.59
2017-03-20,239.26
2017-03-21,236.26
2017-03-22,236.78
2017-03-23,236.52
2017-03-24,235.39
2017-03-27,235.05
2017-03-28,236.78
2017-03-29,237.13
2017-03-30,237.73
2017-03-31,237.27
2017-04-03,236.87
2017-04-04,236.98
2017-04-05,236.28
2017-04-06,236.9
2017-04-07,236.68
2017-04-10,236.85
2017-04-11,236.55
2017-04-12,235.59
2017-04-13,234.03
2017-04-17,236.06
2017-04-18,235.35
2017-04-19,234.94
2017-04-20,236.73
2017-04-21,236.13
2017-04-24,238.64
2017-04-25,240.05
2017-04-26,239.95
2017-04-27,240.09
2017-04-28,239.56
2017-05-01,240.22
2017-05-02,240.31
2017-05-03,240.07
2017-05-04,240.23
2017-05-05,241.26
2017-05-08,241.17
2017-05-09,240.99
2017-05-10,241.38
2017-05-11,240.94
2017-05-12,240.57
2017-05-15,241.79
2017-05-16,241.59
2017-05-17,237.34
2017-05-18,238.19
2017-05-19,239.86
2017-05-22,241
2017-05-23,241.52
2017-05-24,242.12
2017-05-25,243.27
2017-05-26,243.23
2017-05-30,243.08
2017-05-31,242.9
2017-06-01,244.89
2017-06-02,245.67
2017-06-05,245.51
2017-06-06,244.85
2017-06-07,245.25
2017-06-08,245.32
2017-06-09,244.94
2017-06-12,244.91
2017-06-13,246.11
2017-06-14,245.84
2017-06-15,245.38
2017-06-16,245.18
2017-06-19,247.39
2017-06-20,245.78
2017-06-21,245.68
2017-06-22,245.6
2017-06-23,245.85
2017-06-26,246
2017-06-27,243.04
2017-06-28,245.1
2017-06-29,243.03
2017-06-30,243.41
2017-07-03,243.87
2017-07-05,244.39
2017-07-06,242.19
2017-07-07,243.71
2017-07-10,243.94
2017-07-11,243.82
2017-07-12,245.65
2017-07-13,246.03
2017-07-14,247.1
2017-07-17,247.15
2017-07-18,247.36
2017-07-19,248.62
2017-07-20,248.74
2017-07-21,248.55
2017-07-24,248.49
2017-07-25,249.07
2017-07-26,249.14
2017-07-27,248.91
2017-07-28,248.56
2017-07-31,248.46
2017-08-01,248.99
2017-08-02,249.12
2017-08-03,248.68
2017-08-04,249.06
2017-08-07,249.52
2017-08-08,248.97
2017-08-09,248.92
2017-08-10,245.47
2017-08-11,245.72
2017-08-14,248.17
2017-08-15,248.15
2017-08-16,248.6
2017-08-17,244.8
2017-08-18,244.25
2017-08-21,244.59
2017-08-22,247
2017-08-23,246.15
2017-08-24,245.69
2017-08-25,246.18
2017-08-28,246.23
2017-08-29,246.54
2017-08-30,247.73
2017-08-31,249.14
2017-09-01,249.57
2017-09-05,247.78
2017-09-06,248.61
2017-09-07,248.61
2017-09-08,248.19
2017-09-11,250.9
2017-09-12,251.8
2017-09-13,251.91
2017-09-14,251.82
2017-09-15,252.14
2017-09-18,252.71
2017-09-19,252.95
2017-09-20,253.1
2017-09-21,252.36
2017-09-22,252.37
2017-09-25,251.89
2017-09-26,250.75
2017-09-27,251.73
2017-09-28,252
2017-09-29,252.93
2017-10-02,253.97
2017-10-03,254.57
2017-10-04,254.9
2017-10-05,256.38
2017-10-06,256.11
2017-10-09,255.68
2017-10-10,256.34
2017-10-11,256.71
2017-10-12,256.34
2017-10-13,256.63
2017-10-16,257.05
2017-10-17,257.21
2017-10-18,257.43
2017-10-19,257.53
2017-10-20,258.85
2017-10-23,257.86
2017-10-24,258.25
2017-10-25,257.04
2017-10-26,257.35
2017-10-27,259.41
2017-10-30,258.52
2017-10-31,258.81
2017-11-01,259.23
2017-11-02,259.37
2017-11-03,260.18
2017-11-06,260.62
2017-11-07,260.49
2017-11-08,260.94
2017-11-09,259.99
2017-11-10,259.81
2017-11-13,260.1
2017-11-14,259.58
2017-11-15,258.18
2017-11-16,260.34
2017-11-17,259.63
2017-11-20,260.04
2017-11-21,261.73
2017-11-22,261.54
2017-11-24,262.09
2017-11-27,262.01
2017-11-28,264.65
2017-11-29,264.48
2017-11-30,266.89
2017-12-01,266.26
2017-12-04,265.98
2017-12-05,264.99
2017-12-06,265.05
2017-12-07,265.85
2017-12-08,267.3
2017-12-11,268.22
2017-12-12,268.63
2017-12-13,268.57
2017-12-14,267.53
2017-12-15,269.79
2017-12-18,271.47
2017-12-19,269.13
2017-12-20,268.99
2017-12-21,269.53
2017-12-22,269.46
2017-12-26,269.12
2017-12-27,269.29
2017-12-28,269.79
2017-12-29,268.85
2018-01-02,270.85
2018-01-03,272.42
2018-01-04,273.6
2018-01-05,275.33
2018-01-08,275.94
2018-01-09,276.57
2018-01-10,276.13
2018-01-11,278.09
2018-01-12,279.91
2018-01-13,279.91
2018-01-15,279.91
2018-01-16,278.9
2018-01-17,281.68
2018-01-18,281.26
2018-01-19,282.49
2018-01-20,282.49
2018-01-22,284.73
2018-01-23,285.39
2018-01-24,285.24
2018-01-25,285.35
2018-01-26,288.66
2018-01-27,288.66
2018-01-29,286.75
2018-01-30,283.65
2018-01-31,284.15
2018-02-01,283.79
2018-02-02,277.53
2018-02-03,277.53
2018-02-05,266.05
2018-02-06,271.26
2018-02-07,269.59
2018-02-08,259.62
2018-02-09,263.67
2018-02-10,263.67
2018-02-12,267.18
2018-02-13,267.96
2018-02-14,271.65
2018-02-15,275.02
2018-02-16,275.09
2018-02-17,275.09
2018-02-19,275.09
2018-02-20,273.41
2018-02-21,272
2018-02-22,272.37
2018-02-23,276.72
2018-02-24,276.72
2018-02-26,279.96
2018-02-27,276.48
2018-02-28,273.34
2018-03-01,269.7
2018-03-02,271.2
2018-03-03,271.2
2018-03-05,274.2
2018-03-06,274.95
2018-03-07,274.85
2018-03-08,276.13
2018-03-09,280.82
2018-03-10,280.82
2018-03-12,280.59
2018-03-13,278.77
2018-03-14,277.34
2018-03-15,277.05
2018-03-16,277.3
2018-03-17,277.3
2018-03-19,273.58
2018-03-20,274.06
2018-03-21,273.56
2018-03-22,265.47
2018-03-23,259.83
2018-03-24,259.83
2018-03-26,267
2018-03-27,262.32
2018-03-28,261.62
2018-03-29,265.37
2018-03-30,265.37
2018-03-31,265.37
2018-04-02,259.21
2018-04-03,262.58
2018-04-04,265.63
2018-04-05,267.48
2018-04-06,261.57
2018-04-07,261.57
2018-04-09,262.7
2018-04-10,266.97
2018-04-11,265.52
2018-04-12,267.79
2018-04-13,266.97
2018-04-14,266.97
2018-04-16,269.19
2018-04-17,272.07
2018-04-18,272.19
2018-04-19,270.72
2018-04-20,268.44
2018-04-21,268.44
2018-04-23,268.44
2018-04-24,264.89
2018-04-25,265.42
2018-04-26,268.15
2018-04-27,268.39
2018-04-28,268.39
2018-04-30,266.31
2018-05-01,266.83
2018-05-02,264.97
2018-05-03,264.4
2018-05-04,267.82
2018-05-05,267.82
2018-05-07,268.79
2018-05-08,268.68
2018-05-09,271.44
2018-05-10,273.9
2018-05-11,274.47
2018-05-12,274.47
2018-05-14,274.82
2018-05-15,272.81
2018-05-16,274.1
2018-05-17,273.88
2018-05-18,273.21
2018-05-19,273.21
2018-05-21,275.21
2018-05-22,274.47
2018-05-23,275.25
2018-05-24,274.75
2018-05-25,273.98
2018-05-26,273.98
2018-05-28,273.98
2018-05-29,270.93
2018-05-30,274.55
2018-05-31,272.73
2018-06-01,275.53
2018-06-02,275.53
2018-06-04,276.81
2018-06-05,277.06
2018-06-06,279.44
2018-06-07,279.26
2018-06-08,280.04
2018-06-09,280.04
2018-06-11,280.51
2018-06-12,280.89
2018-06-13,279.92
2018-06-14,280.71
2018-06-15,280.31
2018-06-16,280.31
2018-06-18,279.7
2018-06-19,278.67
2018-06-20,279.25
2018-06-21,277.32
2018-06-22,277.89
2018-06-23,277.89
2018-06-25,274.1
2018-06-26,273.47
2018-06-27,271.12
2018-06-28,272.82
2018-06-29,273.05
2018-06-30,273.05
2018-07-02,273.82
2018-07-03,272.73
2018-07-05,275.07
2018-07-06,277.21
2018-07-07,277.21
2018-07-09,279.81
2018-07-10,280.83
2018-07-11,278.74
2018-07-12,281.14
2018-07-13,281.43
2018-07-16,281.33
2018-07-17,282.47
2018-07-18,283.09
2018-07-19,281.92
2018-07-20,281.62
2018-07-21,281.62
2018-07-23,282.14
2018-07-24,283.55
2018-07-25,286.18
2018-07-26,285.19
2018-07-27,283.36
2018-07-28,283.36
2018-07-30,281.77
2018-07-31,283.28
2018-08-01,282.88
2018-08-02,284.23
2018-08-03,285.55
2018-08-04,285.55
2018-08-06,286.65
2018-08-07,287.47
2018-08-08,287.37
2018-08-09,287.11
2018-08-10,285.07
2018-08-11,285.07
2018-08-13,284.11
2018-08-14,285.93
2018-08-15,283.65
2018-08-16,286.1
2018-08-17,287.04
2018-08-20,287.74
2018-08-21,288.23
2018-08-22,288.22
2018-08-23,287.73
2018-08-24,289.52
2018-08-25,289.52
2018-08-27,291.81
2018-08-28,291.89
2018-08-29,293.54
2018-08-30,292.29
2018-08-31,292.44
2018-09-01,292.44
2018-09-03,292.44
2018-09-04,291.95
2018-09-05,291.16
2018-09-06,290.31
2018-09-07,289.6
2018-09-08,289.6
2018-09-10,290.25
2018-09-11,291.22
2018-09-12,291.24
2018-09-13,292.92
2018-09-14,292.91
2018-09-15,292.91
2018-09-17,291.44
2018-09-18,293.07
2018-09-19,293.28
2018-09-20,295.76
2018-09-21,295.36
2018-09-22,295.36
2018-09-24,294.47
2018-09-25,294.16
2018-09-26,292.02
2018-09-27,292.82
2018-09-28,292.73
2018-09-29,292.73
2018-10-01,293.87
2018-10-02,293.75
2018-10-03,293.95
2018-10-04,291.74
2018-10-05,289.93
2018-10-06,289.93
2018-10-08,289.94
2018-10-09,289.59
2018-10-10,280.25
2018-10-11,274.33
2018-10-12,278.03
2018-10-13,278.03
2018-10-15,276.53
2018-10-16,282.62
2018-10-17,282.56
2018-10-18,278.51
2018-10-19,278.27
2018-10-20,278.27
2018-10-22,277.22
2018-10-23,275.57
2018-10-24,267.14
2018-10-25,272.02
2018-10-26,267.1
2018-10-27,267.1
2018-10-29,265.61
2018-10-30,269.86
2018-10-31,272.76
2018-11-01,275.42
2018-11-02,273.89
2018-11-03,273.89
2018-11-05,275.57
2018-11-06,277.16
2018-11-07,283.13
2018-11-08,282.52
2018-11-09,279.96
2018-11-10,279.96
2018-11-12,274.51
2018-11-13,274.11
2018-11-14,272.21
2018-11-15,274.96
2018-11-16,275.74
2018-11-17,275.74
2018-11-19,271.13
2018-11-20,266.1
2018-11-21,266.96
2018-11-22,266.96
2018-11-23,265.31
2018-11-26,269.47
2018-11-27,270.32
2018-11-28,276.63
2018-11-29,276.07
2018-11-30,278
2018-12-01,278
2018-12-03,281.37
2018-12-04,272.53
2018-12-05,272.53
2018-12-06,271.82
2018-12-07,265.6
2018-12-08,265.6
2018-12-10,266
2018-12-11,266.05
2018-12-12,267.49
2018-12-13,267.24
2018-12-14,262.4
2018-12-15,262.4
2018-12-17,255.65
2018-12-18,255.62
2018-12-19,251.74
2018-12-20,247.43
2018-12-21,242.35
2018-12-22,242.35
2018-12-24,236.09
2018-12-26,247.67
2018-12-27,250.06
2018-12-28,249.33
2018-12-29,249.33
2018-12-31,251.61
2019-01-01,251.61
2019-01-02,251.72
2019-01-03,245.43
2019-01-04,254.06
2019-01-05,254.06
2019-01-07,255.77
2019-01-08,258.29
2019-01-09,259.49
2019-01-10,260.51
2019-01-11,260.37
2019-01-12,260.37
2019-01-14,259.11
2019-01-15,261.91
2019-01-16,262.6
2019-01-17,264.53
2019-01-18,268.07
2019-01-19,268.07
2019-01-21,268.07
2019-01-22,264.5
2019-01-23,264.88
2019-01-24,265.14
2019-01-25,267.5
2019-01-26,267.5
2019-01-28,265.35
2019-01-29,264.98
2019-01-30,269.23
2019-01-31,271.55
2019-02-01,271.7
2019-02-02,271.7
2019-02-04,273.65
2019-02-05,274.82
2019-02-06,274.41
2019-02-07,271.83
2019-02-08,272.13
2019-02-09,272.13
2019-02-11,272.28
2019-02-12,275.82
2019-02-13,276.66
2019-02-14,276.03
2019-02-15,279.16
2019-02-16,279.16
2019-02-18,279.16
2019-02-19,279.55
2019-02-20,280.09
2019-02-21,279.21
2019-02-22,280.82
2019-02-23,280.82
2019-02-25,281.26
2019-02-26,281.05
2019-02-27,280.91
2019-02-28,280.32
2019-03-01,282.31
2019-03-02,282.31
2019-03-04,281.16
2019-03-05,280.8
2019-03-06,279.01
2019-03-07,276.76
2019-03-08,276.2
2019-03-09,276.2
2019-03-11,280.21
2019-03-12,281.2
2019-03-13,283.15
2019-03-14,283.01
2019-03-15,284.28
2019-03-16,284.28
2019-03-18,285.41
2019-03-19,285.54
2019-03-20,283.39
2019-03-21,286.57
2019-03-22,281.16
2019-03-23,281.16
2019-03-25,280.91
2019-03-26,282.96
2019-03-27,281.58
2019-03-28,282.69
2019-03-29,284.56
2019-03-30,284.56
2019-04-01,287.85
2019-04-02,287.92
2019-04-03,288.44
2019-04-04,289.13
2019-04-05,290.45
2019-04-06,290.45
2019-04-08,290.77
2019-04-09,289.27
2019-04-10,290.22
2019-04-11,290.2
2019-04-12,292.16
2019-04-13,292.16
2019-04-15,291.92
2019-04-16,292.14
2019-04-17,291.37
2019-04-18,292
2019-04-19,292
2019-04-20,292
2019-04-22,292.3
2019-04-23,294.84
2019-04-24,294.22
2019-04-25,294.04
2019-04-26,295.47
2019-04-27,295.47
2019-04-29,295.79
2019-04-30,295.94
2019-05-01,293.8
2019-05-02,293.26
2019-05-03,296.01
2019-05-04,296.01
2019-05-06,294.9
2019-05-07,289.91
2019-05-08,289.52
2019-05-09,288.72
2019-05-10,290
2019-05-11,290
2019-05-13,282.8
2019-05-14,285.32
2019-05-15,287.03
2019-05-16,289.56
2019-05-17,287.9
2019-05-18,287.9
2019-05-20,285.98
2019-05-21,288.48
2019-05-22,287.65
2019-05-23,284.06
2019-05-24,284.76
2019-05-25,284.76
2019-05-27,284.76
2019-05-28,282.08
2019-05-29,280.24
2019-05-30,280.87
2019-05-31,277.3
2019-06-01,277.3
2019-06-03,276.38
2019-06-04,282.44
2019-06-05,284.86
2019-06-06,286.76
2019-06-07,289.67
2019-06-08,289.67
2019-06-10,291
2019-06-11,290.95
2019-06-12,290.29
2019-06-13,291.62
2019-06-14,291.25
2019-06-17,289.74
2019-06-18,292.45
2019-06-19,293.24
2019-06-20,296.02
2019-06-21,295.57
2019-06-24,295.27
2019-06-25,292.41
2019-06-26,292.08
2019-06-27,293.28
2019-06-28,294.75
2019-07-01,297.32
2019-07-02,298.23
2019-07-03,300.48
2019-07-05,300.1
2019-07-08,298.55
2019-07-09,299.03
2019-07-10,300.4
2019-07-11,300.93
2019-07-12,302.49
2019-07-15,302.46
2019-07-16,301.44
2019-07-17,299.48
2019-07-18,300.65
2019-07-19,298.9
2019-07-22,299.58
2019-07-23,301.72
2019-07-24,303.17
2019-07-25,301.71
2019-07-26,303.77
2019-07-27,303.77
2019-07-29,303.22
2019-07-30,302.48
2019-07-31,299.23
2019-08-01,296.52
2019-08-02,294.42
2019-08-05,285.57
2019-08-06,289.38
2019-08-07,289.66
2019-08-08,295.28
2019-08-09,293.36
2019-08-12,289.81
2019-08-13,294.28
2019-08-14,285.6
2019-08-15,286.34
2019-08-16,290.58
2019-08-19,294.07
2019-08-20,291.79
2019-08-21,294.18
2019-08-22,294.07
2019-08-23,286.47
2019-08-26,289.66
2019-08-27,288.55
2019-08-28,290.5
2019-08-29,294.28
2019-08-30,294.27
2019-09-03,292.41
2019-09-04,295.76
2019-09-05,299.63
2019-09-06,299.83
2019-09-09,299.97
2019-09-10,299.95
2019-09-11,302.12
2019-09-12,303.08
2019-09-13,302.87
2019-09-16,301.98
2019-09-17,302.71
2019-09-18,302.93
2019-09-19,302.89
2019-09-20,301.22
2019-09-23,301.38
2019-09-24,297.51
2019-09-25,299.19
2019-09-26,298.59
2019-09-27,297
2019-09-28,297
2019-09-29,297
2019-09-30,298.52
2019-10-01,294.91
2019-10-02,289.63
2019-10-03,292.04
2019-10-04,296.02
2019-10-05,296.02
2019-10-06,296.02
2019-10-07,294.69
2019-10-08,290.13
2019-10-09,292.88
2019-10-10,294.95
2019-10-11,297.89
2019-10-12,297.89
2019-10-13,297.89
2019-10-14,297.69
2019-10-15,300.62
2019-10-16,300.07
2019-10-17,300.91
2019-10-18,299.6
2019-10-19,299.6
2019-10-20,299.6
2019-10-21,301.75
2019-10-22,300.7
2019-10-23,301.57
2019-10-24,302.11
2019-10-25,303.31
2019-10-26,303.31
2019-10-27,303.31
2019-10-28,305.01
2019-10-29,304.91
2019-10-30,305.87
2019-10-31,304.97
2019-11-01,307.95
2019-11-02,307.95
2019-11-03,307.95
2019-11-04,309.11
2019-11-05,308.74
2019-11-06,308.88
2019-11-07,309.98
2019-11-08,310.67
2019-11-09,310.67
2019-11-10,310.67
2019-11-11,310.16
2019-11-12,310.69
2019-11-13,310.86
2019-11-14,311.3
2019-11-15,313.61
2019-11-16,313.61
2019-11-17,313.61
2019-11-18,313.75
2019-11-19,313.68
2019-11-20,312.52
2019-11-21,312.07
2019-11-22,312.74
2019-11-23,312.74
2019-11-24,312.74
2019-11-25,315.1
2019-11-26,315.73
2019-11-27,317.25
2019-11-28,317.25
2019-11-29,316.06
2019-12-02,313.41
2019-12-03,311.25
2019-12-04,313.18
2019-12-05,313.84
2019-12-06,316.64
2019-12-07,316.64
2019-12-08,316.64
2019-12-09,315.7
2019-12-10,315.7
