,colsample_bylevel,colsample_bynode,colsample_bytree,estimator,gamma,learning_rate,max_depth,min_child_weight,n_estimators,reg_alpha,reg_lambda
0,0.45207969292337413,0.7797300556233349,0.7535447962664144,0,0.0008893456832773322,0.10220892652285574,5.0,2.0,652.0,0.23360450486510853,0.6081947249587365
1,0.6962738448913754,0.39131657959646604,0.3158575192914118,0,0.29250616706390087,0.16692965322956876,4.0,6.0,862.0,0.45113708509411654,0.03890984687190857
2,0.9190725309098371,0.8143115669445853,0.2033770822392798,0,0.003910443621377286,0.12187469376409327,2.0,7.0,691.0,0.06791858463493672,0.33092491190577245
3,0.984006061398576,0.8079082984317554,0.6176671231822046,0,0.18577045465012326,0.1359101835931915,2.0,5.0,272.0,0.8178539611293236,0.5449710926153587
4,0.2695175929808876,0.3143201851858719,0.5248684433408123,0,0.0008139926289393307,0.17157119428173748,6.0,2.0,999.0,0.13224527163315586,0.5672002950576398
5,0.2055305083565446,0.6310321926553566,0.2438910787537271,0,0.08315088650323932,0.054394858522327325,5.0,3.0,403.0,0.7497966387964325,0.8035636779907642
6,0.6082552043640517,0.4094149884483332,0.49685727617886766,0,0.0015448188097046955,0.13528578581300346,6.0,4.0,448.0,0.2358809018226259,0.27872159219140186
7,0.6589294425982791,0.5799384225262332,0.9071875104238349,0,0.004759061735661256,0.115112919858447,2.0,2.0,119.0,0.5170913785099145,0.6397773950633785
8,0.7498963678703543,0.9269538359718227,0.7172521166924317,0,0.0008707356375934957,0.11157147989355204,6.0,7.0,683.0,0.34605313987157593,0.34500511727164235
9,0.4022693551757214,0.2046470853195378,0.5263559265133785,0,0.00752886172843608,0.08314171295359692,7.0,8.0,732.0,0.24132930378105827,0.9862708572039535
10,0.201953868497888,0.6534474215099695,0.20142825793910402,0,0.0009355788061280457,0.10394368583257411,8.0,7.0,21.0,0.21429660393822475,0.3840925178139997
11,0.5697220613937533,0.981378920126258,0.7858609700337631,0,0.020182526823981185,0.15109806005575482,6.0,8.0,304.0,0.4322232672584659,0.6536445580379716
12,0.5104643319894732,0.6274081609745733,0.47605656996975854,0,0.059067040814641494,0.1670304739015495,3.0,8.0,141.0,0.00708215579834659,0.6519962110127213
13,0.9870734292130344,0.6843007131272733,0.645240604719644,0,0.00028030181105322127,0.12495976593215001,3.0,3.0,380.0,0.009090761160161144,0.6344066614334858
14,0.9743358056525869,0.9987696945279628,0.9793258131391369,0,6.191854552333939e-05,0.0923800657967083,7.0,6.0,1000.0,0.9452682876664789,0.052478647923965505
15,0.9623872966811646,0.27479659761069375,0.38483707595882877,0,0.004806390317706771,0.19985857845482363,7.0,3.0,597.0,0.011655544549717428,0.7301653227103534
16,0.3058044386971173,0.4962427412142264,0.7240628371146707,0,0.0003745540177737972,0.08600711516930358,6.0,3.0,837.0,0.23994671575253415,0.7646661085239845
17,0.6503469408200878,0.6789219649887306,0.7868523913276366,0,0.006257357919991721,0.050778853133787674,6.0,5.0,986.0,0.28991065635224716,0.9782228000617545
18,0.22869987565228772,0.5641763268157503,0.7695793053813049,0,0.004210338004784958,0.16185951439023705,10.0,8.0,677.0,0.23467857957705968,0.011504435348538502
19,0.201885927996044,0.7395117894362567,0.20767936067003745,0,0.0021808417887730774,0.06247724507272128,4.0,3.0,79.0,0.06459645456186196,0.7558157612291475
20,0.5128454631360839,0.4837319592675832,0.32044732615110977,0,0.053480820338275795,0.06879486366955945,6.0,1.0,669.0,0.577545183637552,0.24852173413056372
21,0.9240241369918126,0.8385829411458444,0.8308898359060076,0,0.020049508678304254,0.12894506166979852,2.0,6.0,472.0,0.14295423919402828,0.7996951781522303
22,0.20011585857374053,0.5270813600305775,0.3997233716470275,0,0.0036232889689860547,0.06946098914853906,6.0,7.0,574.0,0.19255938534362588,0.9473827410832689
23,0.8025449144671148,0.2035047941968254,0.47840146148170803,0,0.0471582755543698,0.12434136140760951,6.0,3.0,719.0,0.017689366071326262,0.9428356188000193
24,0.41273020829240437,0.9351002749205456,0.6171295490748888,0,0.00032533608158602685,0.12805240918653674,4.0,2.0,467.0,0.4167617928415728,0.9014367325430215
25,0.4830838744991106,0.930457982132769,0.34000077018907526,0,0.0015695807736793022,0.16362439048062466,6.0,2.0,442.0,0.5713223811573787,0.5214105862342385
26,0.20072309216074086,0.40254826868003235,0.5325958343882904,0,0.002012684233560224,0.09274192724839453,5.0,6.0,510.0,0.28982484923598084,0.5584458780128359
27,0.7696409661757475,0.9270724427904888,0.9371955856254607,0,0.0002548090651909307,0.16399082325177358,8.0,6.0,382.0,0.21578774568735104,0.7902323651553043
28,0.8592625237090139,0.5087738750378276,0.999456582640229,0,0.0002353922000051245,0.05615929169664824,9.0,7.0,882.0,0.47286289582789576,0.37015309103480043
29,0.8933085188968972,0.2112559585568216,0.5691594458117947,0,0.01115281051890435,0.06935652157234731,5.0,4.0,991.0,0.011159847553186032,0.5218858989021883
30,0.27177804045143383,0.9997758510348462,0.46495851810240135,0,0.003997797709601141,0.16541001298925326,3.0,1.0,617.0,0.10301245974635143,0.6238666150720753
31,0.7952706334483314,0.8847845166135272,0.42859888002610036,0,0.0027357759052303865,0.16661054834396744,9.0,3.0,938.0,0.000699236428258955,0.7631436500443597
32,0.3113648485861933,0.33950430919786406,0.4986082767418864,0,0.013702423589850486,0.1887739640284556,2.0,8.0,756.0,0.19685565809522212,0.5798093797149015
33,0.8479910130836139,0.6647055884326338,0.8731845483847838,0,0.0007037757132459799,0.09227872133000534,9.0,1.0,824.0,0.07044170723292786,0.9755875434423341
34,0.57231814076315,0.41976287434959725,0.7405158802443597,0,0.009760173699572466,0.17645766100028668,7.0,5.0,552.0,0.42082828272025613,0.00317993682984391
35,0.20289579588973813,0.4258454114642728,0.697173180034774,0,0.005200034219880276,0.15422734155283002,8.0,1.0,812.0,0.28118120983836414,0.7606158245705958
36,0.8844140281077835,0.8175592137511982,0.9603999234975819,0,0.0047726119186285235,0.11043779629725181,9.0,8.0,826.0,0.08121656017741022,0.3536659327325891
37,0.3737038093134796,0.8458132657332627,0.44893127772192715,0,0.016529888842186983,0.08675043581133222,8.0,7.0,244.0,0.035656183136494046,0.27576621260657136
38,0.9478456100567317,0.3854648014879972,0.5227259899437323,0,0.0012173117702324874,0.16873637483717124,5.0,7.0,809.0,0.3110482466219783,0.7308021914613816
39,0.21586355123083784,0.7043842864174095,0.46533124447134305,0,0.011546557553872794,0.1271163613361032,8.0,1.0,928.0,0.1009302838679893,0.19455365492156962
40,0.9800019721624673,0.4746576693085703,0.20894709235785625,0,0.0030641354692979117,0.18172173933275115,7.0,5.0,966.0,0.11881554615188555,0.14150692710751117
41,0.25480277508209837,0.5393723287553092,0.7491090754831493,0,0.0034726293255852,0.1607706751637428,6.0,3.0,452.0,0.7311425922503626,0.3878000851428808
42,0.7537945584272704,0.6883085321642161,0.7241393819831013,0,0.0012030488140500062,0.0798552649474791,8.0,7.0,730.0,0.03206946834406317,0.13909702934861012
43,0.32798517689710605,0.8435555880146687,0.35725696653117156,0,0.0041483639041690595,0.06992507512485346,8.0,6.0,190.0,0.010375245430470373,0.7130190987426279
44,0.5609812368546824,0.8628778707193614,0.9866158764992036,0,0.02525159044180528,0.12438485131379291,5.0,1.0,449.0,6.624369261792884e-05,0.39666678600972427
45,0.5386620691438656,0.4426645051785881,0.20527566110341333,0,0.005839745867096659,0.08054233987722373,5.0,8.0,807.0,0.43882500119394596,0.7912924844727736
46,0.9977181469617474,0.4518289179579992,0.8827581670802913,0,0.003470686555919811,0.11405911645291987,4.0,2.0,694.0,0.2296870818453159,0.5076009368212404
47,0.9179334819777901,0.9827979484238368,0.8471928110455736,0,0.0033201756245393077,0.062019944586233715,9.0,2.0,511.0,0.3854937149116809,0.9811332544613769
48,0.3096654298955468,0.5326716630366891,0.3718682690230143,0,0.02575427277396264,0.07577834014566986,6.0,5.0,849.0,0.031229717733825338,0.6066393643187769
49,0.3027814965315977,0.45259727046761367,0.9241942586675744,0,0.0016188930205242487,0.1987056363107545,4.0,2.0,696.0,0.026319366088777996,0.3904155693265824
50,0.904533132238982,0.2290282713672517,0.3723468495325005,0,0.03534218017831575,0.11725194871243072,3.0,1.0,385.0,0.3484487723723281,0.47313003234878004
51,0.930311811944311,0.7544339301348091,0.948146734703286,0,0.039951770973145714,0.06028786181404899,4.0,5.0,362.0,0.07357280941898567,0.14756858414027915
52,0.2589351034475837,0.2982196071639962,0.6770567574254638,0,0.001958117407536099,0.11555636637657661,8.0,8.0,677.0,0.037760323400106655,0.9999786496358665
53,0.8435640923900998,0.4413609213500225,0.5886107586064868,0,0.003793801892419131,0.11805019749496723,6.0,7.0,277.0,0.06469580150303442,0.76414447284919
54,0.21478804025155449,0.343353039806302,0.5390950749671675,0,0.03628085671575626,0.13669699106424688,8.0,3.0,616.0,0.09527777745702426,0.4088545895767073
55,0.8916594411100098,0.6737599803884778,0.6644843885913975,0,0.0020652188316303546,0.1386810130431964,9.0,6.0,631.0,0.15462440741399228,0.5487826634665822
56,0.38295353559818485,0.9663907803334552,0.6605577007473238,0,0.07392958881881127,0.11422850778506274,6.0,7.0,847.0,0.019479605763283003,0.7928685335022689
57,0.4896537510107914,0.3924846872520085,0.20260975777069046,0,0.019042171067455003,0.18175189770039143,10.0,4.0,301.0,0.21269941584262764,0.3551516411674014
58,0.9119759621511498,0.9031837691669209,0.9359852829587704,0,0.0025344997588631624,0.17681627139600506,4.0,6.0,509.0,0.37899736310823473,0.685726999282601
59,0.4258513143496081,0.25305586937687874,0.4128753432486362,0,0.02884825657964235,0.10114534945117773,5.0,3.0,625.0,0.26878057170059133,0.1465152954221876
60,0.6762231441970658,0.6189492105137777,0.7689035737759417,0,0.0038955659439235957,0.1537999510085739,2.0,1.0,989.0,0.22223447788124948,0.0005666565931868317
61,0.4177618633377421,0.36920657033051946,0.526630851787361,0,0.004221079826221105,0.10660317054348202,3.0,1.0,597.0,0.35287163376561104,0.26637448024496335
62,0.6916154496482776,0.5425851169247092,0.9483982579245223,0,0.009588781819589736,0.1842152696750531,8.0,6.0,735.0,0.34083238215724,0.8519978350311331
63,0.7030462458525617,0.5490368310931119,0.8550376991903583,0,0.0019061427381531371,0.13867813978884988,6.0,6.0,707.0,0.7481297665821884,0.41237296917483485
64,0.31518334042756513,0.3429550759369313,0.9765276308378652,0,0.002413388722652416,0.08264873158916812,8.0,1.0,795.0,0.16326030489561136,0.9199273006724569
65,0.6771865016412421,0.3866718517839525,0.6118157510200881,0,0.001045864832152671,0.15799355484877362,7.0,5.0,224.0,0.4583040682181594,0.23374525824919473
66,0.788506171849753,0.20004155800472606,0.5840170177195726,0,0.0005033571202249682,0.11281049123147488,3.0,5.0,658.0,0.05687473173191071,0.47263966276094355
67,0.5947950903513836,0.7335234353769918,0.3342835514594704,0,0.02775281742587075,0.053432544419979466,5.0,1.0,253.0,0.6088695277499981,0.6919258009368939
68,0.3876674607462399,0.4229675168509892,0.221791554742885,0,3.06827051617109e-05,0.10386229341038947,9.0,6.0,490.0,0.0005003535128779157,0.9778623305520124
69,0.5290189752596363,0.4254544413364202,0.6506360438208036,0,0.0007875037751945996,0.1261846135229125,5.0,8.0,439.0,0.017819044285268437,0.3329182112114615
70,0.47877257461462785,0.5041854020209459,0.5131329778196764,0,0.006156311940890556,0.14720929363636936,10.0,3.0,210.0,0.2662547695937705,0.7628069884619337
71,0.5487110624814489,0.926202760972169,0.9562009182530039,0,0.009728644676339838,0.11850890195403598,10.0,4.0,654.0,0.6610570697752234,0.24523555951516116
72,0.7915825337077014,0.34307899770537925,0.34897264542477063,0,0.02629992193218167,0.16830765704929063,4.0,8.0,514.0,0.4923249391126918,0.2945560059638896
73,0.7570059215851299,0.28783120798494993,0.590109047024,0,9.44448459896767e-06,0.11697824675795213,7.0,6.0,531.0,0.2524218653903227,0.991859710208923
74,0.6118799441774597,0.47104364945104965,0.5786772119952057,0,0.0005327027470652633,0.07922430597748373,10.0,6.0,674.0,0.8358976047239062,0.08417120437135622
75,0.21699127713955496,0.9782124466624833,0.6987104969739697,0,0.00729713623081478,0.17863474003438518,10.0,6.0,991.0,0.5002745753784095,0.16716681368952507
76,0.4755936325712557,0.413314069916317,0.6896793830981764,0,0.00027809960211474345,0.10234415449816958,9.0,1.0,767.0,0.21079159880879972,0.9558284991792338
77,0.638783129754289,0.6904234489622578,0.575849346569704,0,0.023978184714686608,0.13928939053449538,7.0,6.0,729.0,0.5699479852357843,0.23270096254263384
78,0.6760133775720165,0.7791710265826596,0.9413910886357497,0,0.012760867975382686,0.05109723259589151,9.0,6.0,885.0,0.09055317444824496,0.1982414206191244
79,0.3040291177620258,0.21617528135196054,0.8831333471301048,0,0.026753051247004417,0.18888109969677352,7.0,6.0,215.0,0.10344891862112651,0.10703374443867514
80,0.5541921954261573,0.24179707024506128,0.4801313088374154,0,0.0015814107800540544,0.09451183594585941,9.0,2.0,730.0,0.11977132345703502,0.16742251336888508
81,0.5688133898415701,0.46312128705328226,0.6377702457017365,0,0.015007259529680798,0.17003312224981224,3.0,5.0,999.0,0.0245976192293276,0.9480384676634754
82,0.9596001608213196,0.5788746554481792,0.9476412091688383,0,0.004740121161069852,0.08818252459278211,4.0,4.0,649.0,0.4373965245721887,0.8892082414698329
83,0.37823708290472324,0.3450492292712643,0.23931715231501893,0,0.1051146277340102,0.187142364419832,8.0,8.0,52.0,0.20462711327983485,0.8033140735208643
84,0.6500033409047546,0.482915326565668,0.8832417750727886,0,0.009064521759096746,0.15247165872071222,9.0,1.0,774.0,0.38926861504508115,0.26845490102845215
85,0.23077345663935578,0.21613621642675518,0.2028481173203604,0,0.0030725144098390778,0.10370436101612157,5.0,1.0,993.0,0.14531663075882584,0.5133218966878015
86,0.8442224848369957,0.555464636957976,0.6932107076048426,0,0.002943027537883382,0.19999647131367435,5.0,8.0,676.0,0.6167576674145331,0.2648003442561664
87,0.7075179461344467,0.9502144179718783,0.5454807754241662,0,0.0025613845168618596,0.17115278377080914,9.0,2.0,466.0,0.006108826634416004,0.46291856212094357
88,0.4416097177480456,0.25966465285114515,0.8243889513978382,0,2.0843737769282722e-05,0.18214143768866659,10.0,7.0,310.0,0.2827126448781033,0.8413859971254493
89,0.20824713374214815,0.9118625027311714,0.5912758447882384,0,0.0011778579746776166,0.1954522450451471,9.0,4.0,224.0,0.05378596533835634,0.8528119770140524
90,0.37736656060593277,0.3695689133662479,0.6619182236712708,0,0.034871543155491784,0.13990316820894283,6.0,2.0,393.0,0.3527812338443393,0.5316933811361069
91,0.32441592201968905,0.7388467355981367,0.2446128718618724,0,7.91586331214361e-05,0.08367979935796314,9.0,7.0,280.0,0.00020685836755540699,0.11101196007332723
92,0.24762496459225602,0.5589911785911301,0.49224306943249363,0,0.0002377771265845755,0.136599438328434,8.0,2.0,942.0,0.032681858450009815,0.10541317169915662
93,0.35321258611627954,0.49241668192992827,0.44739132284678446,0,0.0013982696122926686,0.1654138592377303,8.0,7.0,177.0,5.746289448919917e-05,0.3229502134692304
94,0.4509126562393786,0.9982080663345623,0.8371253698821404,0,0.004315008790976869,0.17763171292046218,5.0,6.0,550.0,0.48716063618545613,0.7907242326387782
95,0.7952689050485692,0.7356165094550369,0.7552991301443053,0,0.023838951731425695,0.13511291388389554,4.0,2.0,177.0,0.6145451039093717,0.8886875943352488
96,0.7896438213218661,0.2751185772379973,0.2143183325914224,0,0.03259855159299207,0.1627268251993542,9.0,6.0,396.0,0.006360018961237557,0.64887220932789
97,0.439513846860161,0.3309562539135727,0.537590447733494,0,0.0010575948221416137,0.13664278607684555,4.0,8.0,675.0,0.4342935318900325,0.4104727563469226
98,0.5852758760604241,0.6955871408567237,0.37929027205905513,0,0.00518458507053067,0.12922706890908464,5.0,5.0,411.0,0.308936927604026,0.8668142505990082
99,0.5502431771231381,0.5654295894801097,0.4163441229740983,0,0.04247523910674536,0.1900634769112919,8.0,5.0,971.0,0.14008462654373124,0.3371422798105459
100,0.7073250791947817,0.6975858760015469,0.6433740266998279,0,0.0031298538126761847,0.1002096477874092,5.0,8.0,589.0,0.0195658460730092,0.3948641508566515
101,0.9992033120621066,0.6952324859173855,0.6474573881852248,0,0.0019562619749126896,0.17952874414741463,4.0,2.0,558.0,0.3280213474864398,0.5615997535616905
102,0.5460118689453429,0.907166279537171,0.5103799978387733,0,1.0363257957196614e-06,0.15338368615991627,7.0,7.0,600.0,0.47887004776678777,0.7212928633458062
103,0.37177136427175284,0.5458398844862256,0.9567424497654481,0,0.006254894125816202,0.11560503590657986,7.0,4.0,930.0,0.5835226717983055,0.7119591066630568
104,0.27800448808162276,0.20572555321591318,0.5271332344855644,0,0.0006714430454685463,0.13515127440913274,10.0,8.0,391.0,0.004234170121742823,0.7865604401946575
105,0.80385449816665,0.8740495859059197,0.9259774485183584,0,0.003139155159208733,0.12060888220748234,3.0,7.0,368.0,0.36452642883692044,0.24188879335254554
106,0.239756839093213,0.24130197337504256,0.47107007015514846,0,0.051466025895712954,0.17374631248025763,6.0,7.0,985.0,0.11313863679796736,0.9999084961619329
107,0.426406392947042,0.24367409493372685,0.7888394021494867,0,8.904046857827197e-06,0.117285968723091,8.0,2.0,11.0,0.17735502465221553,0.22947901595247502
108,0.6511117135748199,0.6064858479313537,0.8988297851873437,0,0.001010330113879884,0.12830726373564716,3.0,4.0,182.0,0.27762276238116224,0.5261683140108865
109,0.3653900027403187,0.8308954962963291,0.9368384876127998,0,9.490016217983399e-05,0.19236949657569807,5.0,3.0,390.0,0.5999086145892105,0.8631791748021185
110,0.3375424207441588,0.2043268580694931,0.5114759583487052,0,0.021914147997350926,0.058543637293542145,7.0,3.0,879.0,0.23969842091533827,0.19123120231834728
111,0.6614224049820954,0.45455535833710586,0.9145478251161916,0,0.00834040570767795,0.07514727768263678,4.0,5.0,832.0,0.30187474629921673,0.2819648773041424
112,0.36153901128912397,0.5050715134070571,0.6401775947229049,0,0.00028209615617069694,0.08941394565321424,7.0,4.0,972.0,0.31682389334492267,0.44598183098725885
113,0.41815219923138625,0.826326122897105,0.4534805976345573,0,0.0015118785638576358,0.12730071411689395,9.0,4.0,240.0,0.6834472948782142,0.5096651829159566
114,0.28631885302146876,0.4725594476509001,0.5821211720583619,0,0.0013189132706604308,0.1262917632842768,9.0,4.0,556.0,0.6139858581518838,0.1545511482945986
115,0.2740663726278669,0.7878386281487401,0.9934313021141239,0,0.0016330660131197953,0.05404919530580703,10.0,2.0,908.0,0.1403637252622738,0.24410066982078382
116,0.45445019163003586,0.7080239776674768,0.6962167710711209,0,0.0030150926839705447,0.09086561791463732,10.0,5.0,584.0,0.2232674666649349,0.4829606488603277
117,0.4697358212611735,0.6722487769024581,0.3834475904685633,0,0.022093215979000047,0.1474118055982752,4.0,2.0,176.0,0.2943217105362864,0.7178733009816052
118,0.9226864499215972,0.20924875360358092,0.5012769043224404,0,0.0014012526225593747,0.18699882743678764,8.0,3.0,174.0,0.009944964545625101,0.6182751538346714
119,0.2712303045419387,0.320896877637454,0.36088218825135454,0,0.002638298458718491,0.15917029500631313,9.0,2.0,392.0,0.23205304838335253,0.15030393192251215
120,0.5731034479286957,0.377866474940029,0.7802696411126075,0,0.041798724737384114,0.12686412653367204,8.0,5.0,671.0,0.1741934864816468,0.6257576773168636
121,0.39366499893564433,0.22824186079378084,0.2922518676292134,0,0.059030311542101026,0.1506418891976429,10.0,7.0,748.0,0.08547387641291265,0.21826622385903904
122,0.5320788813920991,0.8641927328248928,0.6516291987230909,0,0.005251943484032362,0.19128040805123944,3.0,7.0,521.0,0.07039746654470791,0.6868959862706275
123,0.5825570939052716,0.6204969644208684,0.6709262888163943,0,0.0017456848676597886,0.14325959064526927,4.0,5.0,910.0,0.06583951448031039,0.49897558276842524
124,0.3932066911522184,0.3866940602222044,0.6360384220982088,0,0.03378228618276172,0.06859180318461308,6.0,4.0,446.0,0.017710322885141017,0.11464865534877589
125,0.45787131168119866,0.28381985573155644,0.33431066633054873,0,0.0017444666092988643,0.1510293034601105,7.0,1.0,175.0,0.15961998554552997,0.8816200718912066
126,0.7341000422162082,0.5425744860489805,0.9726644039136142,0,0.0018082164117795036,0.07627346643001773,7.0,6.0,882.0,0.5724416221326145,0.3274310181568406
127,0.6883073690599821,0.4000874352972856,0.3782433789416736,0,0.02598442802744675,0.05247320472539345,5.0,5.0,420.0,0.0156492994190629,0.8297259366157276
128,0.7673857728479253,0.7589569694919582,0.31007671018271454,0,0.00020521607594919944,0.0922849492624811,3.0,7.0,386.0,0.2953300154445447,0.8854043895334206
129,0.41887980408340453,0.24309458541771461,0.37276770845697327,0,0.0017520941110606572,0.1236042457986512,4.0,3.0,403.0,0.2705807523310938,0.09747263454738234
130,0.20820042395706956,0.23032992661316998,0.5004301644028736,0,0.011351947770255943,0.10394156092910319,8.0,5.0,591.0,0.3816676869525092,0.681563244616335
131,0.21791724116636557,0.28946013713222607,0.2551425852721347,0,0.0017805858007417935,0.16521428773209823,3.0,7.0,488.0,0.032688189243198884,0.8258738684321238
132,0.6250647309604223,0.3047192680873376,0.7450805551909212,0,0.00022683121438649145,0.05206358153889973,9.0,4.0,788.0,0.28146814420830735,0.6936054286229232
133,0.20088040691579073,0.7851485117062036,0.9456243720152283,0,0.008131073119865943,0.15053869326625588,9.0,1.0,992.0,0.013850980405080565,0.9037169101125606
134,0.5218482451624972,0.9137604704092114,0.7841324662696314,0,0.007154492983351576,0.11320995983586224,4.0,5.0,854.0,0.1787210212338611,0.8298598500576647
135,0.6779860621574805,0.8161462183602857,0.9084212733686982,0,0.0006474807173514948,0.19966746075211803,4.0,1.0,559.0,0.2994942941130241,0.899646044325629
136,0.980184744094391,0.47174910159733463,0.7294799464839825,0,0.014560822327856784,0.15579710693613366,6.0,8.0,870.0,0.5878049449423981,0.7624229443836904
137,0.5835226098099559,0.3727933776392681,0.9705875855387313,0,0.002664714829964878,0.14791878162357827,5.0,6.0,718.0,0.0889800844040068,0.659463923198153
138,0.2292131474043746,0.44590931662562805,0.686486010411696,0,0.0041668317246680185,0.13629128323786047,4.0,5.0,889.0,0.22189419304060204,0.5489505080663575
139,0.5420727200464632,0.3961864882740034,0.5441787550764474,0,0.03346500843470894,0.16003861363448482,7.0,6.0,735.0,0.29437344777963903,0.37100358203430905
140,0.9967228171312266,0.610337505434863,0.42865540224870824,0,0.0011871295920834358,0.1739382829615955,8.0,5.0,530.0,0.13000936617338454,0.6046295254210188
141,0.5083572085102969,0.8423814807623535,0.6512931171138481,0,2.0396821954612662e-05,0.15755867580793173,4.0,5.0,38.0,0.22218634855307925,0.22613497133024407
142,0.9155420270081095,0.2837981778336396,0.3669714267687607,0,0.006930468870267083,0.08691831501021874,5.0,8.0,994.0,0.09401153060730666,0.8883411187556206
143,0.24451713658684818,0.6819474955491528,0.4104631413242313,0,0.009194198797584749,0.10252635289819227,7.0,2.0,544.0,0.49182402261410246,0.5443916827436095
144,0.8974724011689073,0.8762534314919558,0.6153820374191014,0,0.003021711275404265,0.1363351875099416,6.0,5.0,460.0,0.6889230044940324,0.334836599623198
145,0.750844846356009,0.2746645436316516,0.47925958963526816,0,0.00043438575831818453,0.19400532234205067,4.0,8.0,241.0,0.5883328762543206,0.11099249786929828
146,0.3940016739031166,0.2598064178868888,0.6668690371915844,0,0.0008658612173969301,0.12239178174934684,6.0,7.0,152.0,0.009470789149482683,0.23718574206811188
147,0.9986189618534356,0.2821078267510571,0.889445183178285,0,0.00012364527653846089,0.12384829567140156,8.0,1.0,414.0,0.005513635476459222,0.31301841971133165
148,0.3648276633741326,0.5233924490496807,0.6071936662723993,0,0.004068079344820777,0.1313698955247904,5.0,3.0,754.0,0.38119749404368214,0.16899519876915303
149,0.25593172417757953,0.22129343655935857,0.5293076909537597,0,0.014944814481904302,0.15138339802235215,10.0,3.0,813.0,0.059973851137932965,0.3718214836505242
150,0.28906223719616364,0.5096434942958251,0.2757978621834377,0,0.0005056930433005699,0.06683128435080937,6.0,4.0,653.0,0.10124420997570438,0.2680564582005021
151,0.2601173145037769,0.4041961288862812,0.31167514038665306,0,0.040341045293648674,0.11211674588879718,4.0,7.0,605.0,0.027501319671764852,0.15112143130924735
152,0.9299200264223553,0.7466253549281345,0.4568729938050444,0,0.0026330271170970088,0.12510738372788843,6.0,3.0,839.0,0.44667251199771685,0.02440914258343474
153,0.49469222100107324,0.5275469645237733,0.8912365242741006,0,0.0030403957917097164,0.1238631276280903,8.0,7.0,346.0,0.11327988182884768,0.4742350502819617
154,0.656479943706183,0.8849668203500495,0.38536825912639683,0,0.00019951633893847392,0.15565435132918595,8.0,4.0,485.0,0.44326205948286496,0.2758869858837599
155,0.48443410654786984,0.7503872236749292,0.32976165452152756,0,0.004773464856894958,0.11335384577734156,4.0,2.0,413.0,0.43379638732280745,0.44887968837454195
156,0.2900344252098901,0.44080208989551095,0.22373626856904838,0,0.004676293701982455,0.10930346726681749,7.0,4.0,161.0,0.365604106786259,0.9805608664303475
157,0.7786812672630367,0.840643121793813,0.36828088923061486,0,0.014112819076204985,0.1989761827814997,8.0,2.0,608.0,0.772789196984822,0.9034849037833458
158,0.7735236139365749,0.9804139557685637,0.8854731281229332,0,0.00028420806212119836,0.08352847356991389,3.0,6.0,620.0,0.5175276621845133,0.3674398805124661
159,0.8648640174294706,0.7149009176283512,0.40871481891620653,0,0.005343791146812526,0.07435305602997076,8.0,5.0,810.0,0.10187376082647923,0.9071732728420517
160,0.46403052163237557,0.5859800135814963,0.5643786116479035,0,0.008954793271516659,0.16864031538375113,9.0,5.0,487.0,0.3335244939579574,0.7117085979515855
161,0.5710958643973486,0.2159479815102327,0.2023134801459136,0,0.0019687793085851144,0.10419605119839168,8.0,3.0,437.0,0.3020224366797009,0.6623822698200522
162,0.44370672041019743,0.20479053762208593,0.7992927855657105,0,0.004778557823253281,0.056013286332073434,5.0,1.0,246.0,0.022681323520523607,0.3297054119251687
163,0.6455740684424356,0.26308210780859914,0.9927971808635934,0,0.0552252421524468,0.17996725984338724,5.0,6.0,558.0,0.5041847365644557,0.1079777710357474
164,0.8894427292377451,0.28774356064931417,0.47693938089774346,0,0.02864221515558793,0.09367229908027581,6.0,6.0,253.0,0.2292927207282111,0.8855288013291166
165,0.6548902423731177,0.3416256888817083,0.494107101128255,0,0.017507938251628802,0.12207428514738211,5.0,5.0,613.0,0.25423475536946877,0.396444454189049
166,0.6113633154717119,0.6230634054493557,0.7068559496842876,0,0.004432427158366798,0.17482090187589816,2.0,8.0,85.0,0.14202828832465483,0.38660504911000254
167,0.5755516840340315,0.23630202081995744,0.35311101072731277,0,0.0021099043206411856,0.0966348071965403,9.0,2.0,780.0,0.21541390180781095,0.7971463851930785
168,0.8719005153260637,0.8316051372803221,0.9581209670204838,0,0.017499851773563165,0.16580618062704527,5.0,3.0,249.0,0.5320376070150968,0.3240978744266339
169,0.32768408938127325,0.6190199770383262,0.5153050152588519,0,0.04282781673990219,0.19641081677492506,10.0,4.0,903.0,0.4910889756291136,0.10766650118009105
170,0.326166254575445,0.48267633369753465,0.30675029461282033,0,5.466253277315071e-05,0.1586036101252497,6.0,7.0,536.0,0.06736459790290157,0.8829709195977897
171,0.5864462317103462,0.9904748847750091,0.5672777797753508,0,0.0018715096290145873,0.11040230544574414,7.0,4.0,504.0,0.5154371326199809,0.2883370625005929
172,0.3558106824515264,0.8174671320385639,0.6323806422165826,0,0.002157793637930154,0.05627218401816535,7.0,3.0,882.0,0.23800129617319407,0.9529258843238291
173,0.9996636865876516,0.5877796556919936,0.29445285622914913,0,1.953709155292369e-05,0.14594536439357406,8.0,2.0,435.0,0.374590438129339,0.12783324117027361
174,0.8409586148702747,0.8525618515623691,0.48720849672153654,0,0.000910350466459979,0.10493062536677032,4.0,2.0,550.0,0.13366915816917113,0.9326911766299107
175,0.25329484449931194,0.8613689899451863,0.4819976120931984,0,0.008043241198067312,0.09605945652744194,2.0,4.0,996.0,0.007124174462371936,0.5056706848786381
176,0.596743514815832,0.6418632422715447,0.6413312860922786,0,0.010950129307226253,0.08033663452697845,6.0,7.0,335.0,0.5817880100565612,0.09603219367664356
177,0.676590636811746,0.9181780190311349,0.8238610195438392,0,0.020724027219235216,0.08386993028784324,5.0,6.0,635.0,0.6842823200700344,0.7078467919096801
178,0.5792910326474006,0.44320968380876735,0.4071444851755761,0,0.00314985490096187,0.1287279941674186,2.0,6.0,989.0,0.2562333293665318,0.1136234995280761
179,0.30310104799728615,0.4844068941866076,0.6801643486271307,0,6.223320048613472e-05,0.0871720476493693,6.0,3.0,187.0,0.07952346634501305,0.6961999780242019
180,0.5599564503686868,0.554062055249177,0.6519612902398979,0,0.0020766545532385702,0.14879728339519432,3.0,6.0,508.0,0.146222404332376,0.9159878060585567
181,0.35908896631036274,0.8653146023964979,0.7417976968496164,0,0.0017335859001418746,0.10108155765090893,3.0,5.0,313.0,0.36951115370929355,0.22991034865382165
182,0.9437432423428752,0.7328984367480539,0.37205955288842374,0,0.01017251737071076,0.1795906623973371,3.0,2.0,24.0,0.15473158816565924,0.28431330985282255
183,0.275452909044064,0.5671868075441109,0.4474728786257043,0,0.010785372536472493,0.18163285232109966,10.0,7.0,354.0,0.49398145817455685,0.3037935810704019
184,0.6303516904878002,0.4557867018847856,0.25667861022777916,0,0.0013757251251601643,0.18465305981608737,9.0,2.0,624.0,0.38743340774639234,0.2889221212517062
185,0.6057689533505101,0.3780419910961751,0.45258542094422033,0,0.0014368838897739354,0.09888492981413954,7.0,3.0,477.0,0.37028319344288163,0.5615135647942238
186,0.3321810929185837,0.5045148357950725,0.5884868089993347,0,0.0008083119655089566,0.07495037324904236,10.0,1.0,562.0,0.06151362824470563,0.3170610318701338
187,0.32433546331176427,0.7640394215076668,0.9496120503549897,0,0.007264481004504577,0.16128920102519217,7.0,3.0,707.0,0.28661450006335326,0.9979283048201966
188,0.552818823277636,0.3311413005589252,0.5459116940533784,0,0.0007638090969885047,0.1961499653533367,5.0,8.0,787.0,0.7184889375341719,0.973302119767187
189,0.5061022879233538,0.7990074095008327,0.4024689162638242,0,0.0008956372417635583,0.18102873408841882,7.0,1.0,30.0,0.43255069179487393,0.6827945307881695
190,0.8656759216193314,0.4587646153767512,0.48839645940613574,0,4.9675877074842984e-05,0.15585038927391273,10.0,8.0,466.0,0.008489476115892347,0.9777579505473513
191,0.22105733730598015,0.39469476106351775,0.7609638486046698,0,0.005694520443211715,0.15389026634737643,6.0,7.0,579.0,0.41887237409247235,0.4893943777250037
192,0.6793375433132355,0.798193294539358,0.4853903470812264,0,0.0064670799767393965,0.11240316053205919,6.0,5.0,837.0,0.4058612338275499,0.9775829470593133
193,0.994217873535569,0.7642493976610811,0.9226594259102882,0,0.0022908546014361823,0.17241953126637438,4.0,4.0,268.0,0.4902233428583909,0.9477536172871104
194,0.4221935775982303,0.2175451301719272,0.49357177179224054,0,0.0020325462365123367,0.13214722895578074,9.0,8.0,342.0,0.4700614228979581,0.3476316222169979
195,0.41672374525788997,0.8793683149234799,0.506743354139225,0,0.012331657200669685,0.1474544601714657,5.0,2.0,319.0,0.6005449695392208,0.010280244289220964
196,0.6389150626386605,0.201609652225258,0.2508951778589731,0,0.00035631457915720477,0.10496779297407026,7.0,6.0,404.0,0.7165313062683125,0.5770177330948978
197,0.2503415279689412,0.4780679937989941,0.43445069778027173,0,0.0009035562584971402,0.06844006995665336,3.0,4.0,672.0,0.30151385575416195,0.5478649484057652
198,0.7417532634006679,0.7435194000453936,0.44516103922697425,0,0.001958382614162646,0.14384124866822195,3.0,7.0,686.0,0.6816219962485488,0.0864126135057608
199,0.6131734818037053,0.5774547028437372,0.7715739059891834,0,0.0025791171515998955,0.12664850485019613,6.0,3.0,596.0,0.1307552517814977,0.20214903975874388
200,0.6199985721906821,0.5860607339672379,0.9257658553421269,0,0.0024175746450162726,0.16092835522149523,6.0,3.0,163.0,0.3228529240014149,0.13819664492541964
201,0.2812145010550836,0.6119366609522783,0.2500290615456563,0,0.0020102743025545875,0.15959769515616593,8.0,6.0,430.0,0.01469758302742262,0.3664975755479917
202,0.7158946132715998,0.3018239728902021,0.45521879609711613,0,0.0020900322115254763,0.16473796524788345,10.0,2.0,427.0,0.32568357343195803,0.13046441016407845
203,0.23841631404835134,0.39740344043362397,0.5684301655846535,0,0.0005745381225578539,0.1647088171951661,9.0,6.0,326.0,0.5067387405982006,0.06523815468042359
204,0.8469396608859086,0.551158515709496,0.7324099332096192,0,0.026299276962257985,0.11934175763652383,10.0,2.0,164.0,0.011220169960536985,0.5159442969489929
205,0.7582730271211228,0.9616795852780341,0.7009661131343431,0,0.016341192260782803,0.16950273006635444,7.0,3.0,523.0,0.025310453711595404,0.25701295524211565
206,0.7694186753217376,0.45587974271532594,0.4588797734174131,0,0.0051912404502762605,0.07819799473447825,8.0,1.0,381.0,0.2614185444835847,0.3309995576571647
207,0.7574414028169744,0.6433261565560529,0.43694569845436854,0,0.0015634587480981704,0.12291548038777123,10.0,3.0,384.0,0.004315403448717072,0.012176232218116034
208,0.5243986363627401,0.6724563719070231,0.7606233628206532,0,0.024758876014832877,0.11718746081333478,4.0,2.0,794.0,0.04752161550045493,0.08883408932862043
209,0.6719589595675051,0.7731075122475632,0.573355658498951,0,0.000913158485371458,0.09969901675712053,6.0,2.0,999.0,0.30729213906544145,0.41309669773773605
210,0.8110923010093014,0.5471974830100255,0.8521940841351551,0,0.000694956519473865,0.0851644834322152,3.0,1.0,562.0,0.34677362705341375,0.3869576334434081
211,0.22955104583755964,0.872233267170326,0.38422266275766626,0,0.002051871349102707,0.055674140759490974,10.0,7.0,363.0,0.022943907263342445,0.9896988755329291
212,0.7542105431891939,0.761512809444352,0.3419061454061577,0,0.02181784358355718,0.15903833584978497,7.0,3.0,211.0,0.07433939539830543,0.5626637825882003
213,0.2011188266572192,0.3802512685268048,0.8568672191033753,0,0.0003393912243085384,0.17247258723877268,6.0,3.0,606.0,0.4366714925515022,0.65830186743371
214,0.7121120519174703,0.2468741504947099,0.21021521206252855,0,0.0014391467463793933,0.13108246197434792,7.0,1.0,369.0,0.08724721069224561,0.2695257715007608
215,0.21649500961350393,0.24503958364815148,0.5333320841956876,0,0.0002494763974974297,0.07667928739720145,4.0,7.0,518.0,0.057909449193026374,0.6543360100233285
216,0.6350859670387898,0.514099969921205,0.776623179099959,0,0.020539173334173738,0.19777962934825452,4.0,4.0,436.0,0.1724123643071897,0.2658120133825103
217,0.5032209431620658,0.4702756250498902,0.20780270599821815,0,0.0014119555913247885,0.11859887060357498,3.0,1.0,854.0,0.017076154545065114,0.5146932809321555
218,0.7736428631942066,0.8363895106310654,0.9502129709252338,0,0.002670486350185859,0.11622890631441089,6.0,2.0,358.0,0.8353489562475795,0.57698005567205
219,0.3146374359362012,0.4075316655858716,0.9866605432619305,0,0.00010106429019302726,0.060574569467159535,9.0,1.0,180.0,0.3425086041401881,0.25546942771742354
220,0.30842744487960094,0.7732542459841442,0.20351872072480368,0,0.0009147412017432299,0.05027831853704978,10.0,1.0,230.0,0.42914588982864865,0.014926419918340839
221,0.8968556864229575,0.7893440200142501,0.5926899680283599,0,0.007905429803222381,0.17105088945452868,7.0,7.0,872.0,0.17868111419465732,0.7813451261464659
222,0.8110498896500913,0.5138180023667316,0.2564614985962448,0,0.005400929881437451,0.06584120863792071,10.0,5.0,996.0,0.0988205737438898,0.2303804708459503
223,0.6852107785866344,0.9020791158523404,0.8110439944815284,0,0.0016371271005119858,0.11879693070539084,2.0,7.0,696.0,0.29350589474241806,0.18636199685483318
224,0.20047812152439226,0.2718559755151317,0.36581190591699686,0,0.0036278067296857458,0.18586773901519296,9.0,4.0,471.0,0.05928998956037927,0.05735398235782918
225,0.4086337554134437,0.2648737151980904,0.5865879727211615,0,0.003567257362473185,0.09192663933730504,5.0,6.0,399.0,0.11451691110185218,0.16021671898396556
226,0.2763058791019029,0.4878792489824413,0.22561190635068762,0,0.0001268576126429305,0.11011716207369421,8.0,6.0,872.0,0.003095620559833437,0.40570981227302083
227,0.36074057134222426,0.2702871021474234,0.23787160896766155,0,0.00656059974579648,0.14533889281365636,5.0,4.0,991.0,0.36619558039929556,0.3177479136843604
228,0.240582808652833,0.4423309046406822,0.6490297712029373,0,0.22710379671069675,0.16440980564980145,10.0,8.0,601.0,0.011311022635715873,0.2737353189435032
229,0.201698783573967,0.30792907147482196,0.33901111794933153,0,0.003957058710206298,0.06885291531048063,3.0,2.0,613.0,0.39423994661205797,0.9563128066334
230,0.5369830882558806,0.9997385091616758,0.7591825456827754,0,0.0014955948966783733,0.19606540102736097,9.0,3.0,553.0,0.41035764010758347,0.9982078362940032
231,0.3974987556619415,0.21055343929496845,0.9151486749106683,0,0.013859862624303262,0.19748226393443521,6.0,2.0,224.0,0.3919329439208164,0.5992287159422958
232,0.23330800009758887,0.5118030201348707,0.3962740740321521,0,0.00016780392016683618,0.13992502989609595,6.0,4.0,383.0,0.16546137744141154,0.5812747433768803
233,0.5060808132043687,0.3787962663298294,0.8751765608304146,0,0.0010429045849282203,0.09407041807133151,8.0,4.0,873.0,0.32376078784989015,0.18030585582933772
234,0.5496593960723865,0.922742042681474,0.7237912898116736,0,0.03826840714497129,0.17132564929155275,10.0,3.0,168.0,0.1096876613461294,0.9106828815132841
235,0.8804589271603896,0.7201253045909013,0.4496520461133702,0,0.008628430026399054,0.13158653318992958,5.0,1.0,138.0,0.45763227584911237,0.19364163375332688
236,0.7423684406184576,0.986685541777383,0.6871101347061375,0,0.0038353042180403123,0.17469639700468334,5.0,1.0,642.0,0.04226088008189192,0.6202702423873807
237,0.38945082068753134,0.792900371378531,0.44748784517917706,0,0.0031048759824787134,0.05035948994307489,6.0,6.0,528.0,0.380885960630539,0.9675240361825552
238,0.7928285779877005,0.23274501566575284,0.4423006755914781,0,0.010487381130114215,0.0531050257159536,9.0,1.0,437.0,0.24469362398382427,0.933436876210449
239,0.7375504203075759,0.2575699913883436,0.7075968951093167,0,0.002770654328040356,0.16898821815351198,7.0,5.0,592.0,0.33349193823830026,0.6741301675406486
240,0.8700557400922276,0.28315947064381897,0.8674446118374091,0,0.008837226285419605,0.05941786102614462,4.0,6.0,637.0,0.03221877133113299,0.6188617529888497
241,0.40844203938703083,0.3678493628630951,0.2982179338440363,0,0.0018049546461726693,0.13919269684867702,10.0,1.0,324.0,0.24140536062497128,0.10448891000801717
242,0.6772375961016764,0.8986154418730979,0.38888214352828165,0,0.006379441134288892,0.17400158580843,8.0,4.0,836.0,0.10208039537822644,0.0006283356971645837
243,0.8929817516036648,0.9503148709667433,0.39096195980307913,0,0.001592598937858302,0.15217710432411738,3.0,7.0,349.0,0.4561845470209476,0.4565052260823622
244,0.9793720163199201,0.8426125615153275,0.586435091991897,0,0.000752428458426495,0.13681323071109414,9.0,6.0,684.0,0.35921324394880727,0.18240775595721592
245,0.693797228550281,0.27538279184555947,0.5285841487085707,0,0.0008826814421558171,0.15018506499934323,10.0,1.0,544.0,0.19111530747225736,0.3762202137746113
246,0.9239689570013792,0.48731330579933163,0.5454265023719993,0,0.0018997961967530976,0.19625617209035368,9.0,1.0,292.0,0.24969372684638214,0.4464299703951229
247,0.35006351737841596,0.6284924152813037,0.6725133040907133,0,0.001561163030624299,0.10459207021568265,5.0,5.0,601.0,0.16549857484553354,0.7166251833002288
248,0.8968974191682442,0.4278875978093637,0.5877164284929575,0,0.002390666066132363,0.1293969659427202,4.0,3.0,369.0,0.06827919018920825,0.7793175245287736
249,0.6332131721163273,0.9047773576001541,0.3540140052218016,0,0.030499920999251712,0.12857388858592259,7.0,1.0,895.0,0.21720901701216266,0.25263644890107595
250,0.6877977786521293,0.8447463082854396,0.508330264837608,0,0.002610545163615148,0.123444960278522,5.0,6.0,46.0,0.03946800556541887,0.3924154666349988
251,0.9238149505356538,0.3318376979211185,0.6734931153739604,0,0.0022705112271234063,0.16870540625176014,8.0,2.0,151.0,0.14553946288661887,0.8857290569542131
252,0.3079866879539849,0.37301259005563087,0.21454376968248734,0,0.0037924037310530824,0.09429886593237743,10.0,3.0,457.0,0.008202694711176073,0.7551990803489559
253,0.3244229158059365,0.20551428616932557,0.49336824645400496,0,0.0007059822198027597,0.14206616811555078,6.0,4.0,43.0,0.5289817627562938,0.7075928395021319
254,0.4840613606982066,0.7395690846667261,0.7579149497646404,0,0.013683556121026563,0.13841894342841252,3.0,8.0,212.0,0.0003043033603214451,0.4496344948420392
255,0.9633671911020646,0.7574201588554412,0.31292196651058546,0,0.053540142768096544,0.16550770581447657,3.0,2.0,890.0,0.0016753197862623415,0.5731116570589752
256,0.40143453134059726,0.6860534614077363,0.34127473853854234,0,0.0005801412866272889,0.12730535926292358,10.0,3.0,719.0,0.28815022740189683,0.8256960143581722
257,0.4629742342742483,0.2040456795843809,0.9926608697811095,0,0.0033617141244549065,0.14586798739498522,5.0,1.0,997.0,0.3182461085100944,0.3854329801914755
258,0.42926380621448834,0.48427431890024725,0.7359879384629382,0,0.0026446793284183104,0.1295144270231793,3.0,7.0,396.0,0.06167809753303752,0.10097925695487359
259,0.2061907731806325,0.6271724522193189,0.3109480167885192,0,0.002684423344456761,0.14163511196329867,8.0,4.0,718.0,0.6464573835292642,0.790700788251388
260,0.5734793787204554,0.9957963663390416,0.5647751428421455,0,0.007455265672519459,0.13623345564364273,5.0,8.0,314.0,0.011313314629284754,0.164690507603336
261,0.2172066574450235,0.6787134752358792,0.598641175867192,0,0.0003350502341066966,0.17584078548070559,8.0,6.0,35.0,0.029461949279795563,0.7638308596637025
262,0.8119892392431522,0.6483699023213665,0.9364233044053002,0,0.0033222552059574226,0.05762610174530998,5.0,2.0,510.0,0.6460819032264254,0.37381940257969226
263,0.590394424055528,0.9031717867692917,0.6703382062062861,0,0.03541582001660913,0.12907338782646746,3.0,8.0,220.0,0.11584483705356935,0.19046845259104744
264,0.4637523170436302,0.7247681641668884,0.36668194662576226,0,0.0010709090812452955,0.13251491219860437,4.0,6.0,847.0,0.07724071455138493,0.8009523235952369
265,0.934784242476295,0.8856304413310857,0.5370397318559706,0,0.0014047275865261659,0.14839912114403783,2.0,6.0,103.0,0.24144298136206122,0.31012896213921937
266,0.8956863920426187,0.5890916579672909,0.6349262041466001,0,0.001467650416574004,0.1984447682848093,6.0,1.0,122.0,0.5817511415566552,0.9582338519150133
267,0.8649402347957743,0.7219360221279819,0.3688448480034941,0,0.04498699594525235,0.1934677931156582,9.0,3.0,737.0,0.045568275446884965,0.25163491976236646
268,0.8148146548425879,0.9980438192767586,0.8508740727335201,0,0.0028097983197656624,0.17470620660720151,7.0,1.0,437.0,0.3081229083655109,0.4784246568689695
269,0.7481841143208703,0.5760890664668858,0.6814191415728033,0,0.00037437904278503353,0.06921713157001547,9.0,6.0,565.0,0.19624296504152472,0.6806150380016184
270,0.4328086674552585,0.24428382212196076,0.2021678712838478,0,0.004005948296588262,0.17832031637158108,3.0,1.0,986.0,0.0028086749696513086,0.2651764315326334
271,0.26538349414900153,0.20971545636840705,0.6643735888218051,0,0.00030532231834583083,0.050329036759335734,9.0,1.0,804.0,0.27541193298654637,0.3485748783330346
272,0.9988142028214424,0.24960360198911286,0.9266912481462142,0,0.003546062962746254,0.07248703422592938,2.0,6.0,563.0,0.12801528184005503,0.97900643495894
273,0.9758380286967668,0.6359651161429547,0.24782804626230429,0,0.00522122958736675,0.1994280183249819,10.0,5.0,675.0,0.7483603621230557,0.7579017788930307
274,0.8029723854307108,0.4388236528402259,0.23128627849408995,0,0.0023073493758784627,0.1098091079176544,8.0,4.0,355.0,0.1482940433340601,0.6075970648593603
275,0.5888544189315713,0.5676299835725855,0.6983293413495275,0,0.00010774331517803687,0.0733181734583879,8.0,1.0,215.0,0.0911238345082499,0.8262569061658396
276,0.7705286862307932,0.8598544785054545,0.7110791648834912,0,0.0032921504594421967,0.15502431949346193,8.0,2.0,869.0,0.49584829268126795,0.6956231234041514
277,0.381592782278162,0.4883225423426639,0.4795342337256152,0,0.005525552486844793,0.15634655048656843,5.0,2.0,169.0,0.3154222515571272,0.889919254965499
278,0.9671576936270918,0.5086003915531156,0.8378555340718864,0,0.0023470414137840012,0.1604945166455768,10.0,5.0,763.0,0.3732786122130467,0.07350425942152439
279,0.452537514421461,0.6848104623715636,0.7575731901605741,0,0.0006298028136315671,0.19963538489186342,7.0,1.0,889.0,0.514029689957932,0.4916828402598965
280,0.4624698598410629,0.3901631585909647,0.5208364030398456,0,0.0008931292692703763,0.1307119084394363,4.0,2.0,594.0,0.05002185818952032,0.3955523204233398
281,0.5441641197517696,0.9118933284638404,0.3277583737619458,0,0.024046694644097418,0.09166317893864448,4.0,2.0,840.0,0.05808373070291892,0.4059533735242783
282,0.29840568632628284,0.21703667995923004,0.7250076851016616,0,0.01903379367718097,0.1853111114623447,4.0,7.0,259.0,0.46821026015912653,0.016766590495942646
283,0.9482557940340517,0.20005342079503738,0.2468781070232342,0,0.03335911257660011,0.18948842808357308,4.0,5.0,979.0,0.4593163519102688,0.6480712665608573
284,0.711782617436802,0.3299446693580666,0.7250065718652283,0,0.027894524444331496,0.1972544201507483,10.0,2.0,669.0,0.0028960866594096024,0.4557736850819534
285,0.44379744695235585,0.6212729103345725,0.27133150293986175,0,0.0013144245933879306,0.12432948016557248,7.0,4.0,514.0,0.32471984974920476,0.8625954949555958
286,0.6715642119137422,0.510070506374525,0.5830304059662786,0,0.0011451129969553484,0.17866951234593664,8.0,5.0,273.0,0.061019002033747466,0.7188440329622513
287,0.9370019095327267,0.8276836126552126,0.501415988416155,0,0.0034870593731045575,0.12170381221733535,5.0,7.0,488.0,0.0024099557040471314,0.5459029222650502
288,0.21345377920417868,0.30128768753941443,0.34772332020343727,0,0.020781552023953716,0.1796223143649828,4.0,6.0,836.0,0.43037964030099746,0.17007189353035237
289,0.3535110987275445,0.477370331736425,0.5011681238504395,0,0.005877318388709085,0.07477777693040602,6.0,1.0,653.0,0.6013378756215562,0.4498252555176976
290,0.6826579309793257,0.6783615787810612,0.989124322391371,0,0.0017911454932340032,0.18394252883451923,8.0,8.0,935.0,0.15052274078656325,0.7250706007882813
291,0.2932733056786524,0.5162492962259753,0.22170910432945679,0,0.0017863049928719676,0.1206306954579984,10.0,4.0,417.0,0.23500706982665204,0.5462436141956399
292,0.7990593878725197,0.20687658357170435,0.6799223759507996,0,0.006791032756617521,0.060709385785029185,7.0,5.0,532.0,0.6010895739698143,0.003319907023211055
293,0.27599644992582284,0.47646792503111524,0.3736249621738956,0,0.008531888363550339,0.12175273220036961,5.0,5.0,991.0,0.08872338820360515,0.08973608672935643
294,0.3660597580504512,0.4576908388679498,0.3390549057396963,0,0.00030968784297433216,0.05790274908252091,7.0,3.0,99.0,0.17348810118352997,0.169875194627485
295,0.481326304748216,0.47225954349736843,0.7529040891030742,0,0.00033237456802138327,0.07876771563360274,10.0,3.0,325.0,0.22061192818400016,0.9242145771157341
296,0.3145931962178726,0.6558906511657183,0.6868032266134348,0,0.0009792179182521038,0.11015383053599519,5.0,2.0,647.0,0.16284538366209392,0.17282667352552997
297,0.3681114434929762,0.7630102568906958,0.39055309724629506,0,0.03255878897947907,0.19611449316702895,6.0,4.0,617.0,0.0066477778517754355,0.41122714905263913
298,0.3613506062985635,0.8541246124641515,0.349617190773786,0,0.001245973568688788,0.17955276725969155,9.0,4.0,99.0,0.024164513631651514,0.10737641313482844
299,0.2913170903191159,0.21129595227339892,0.8077310603484817,0,0.03470300708177952,0.1680414503871014,5.0,6.0,411.0,0.08369239920641164,0.07308734158974722
300,0.219883644111419,0.3708376545322353,0.5780409645086475,0,0.05706156388242745,0.1658653353345077,7.0,1.0,828.0,0.11285130380851302,0.7467080515799731
301,0.2506976741227726,0.4726313821273872,0.47794167174205643,0,0.002072340504546472,0.15673557740812813,10.0,6.0,892.0,0.4629570848428318,0.46760188123825364
302,0.6492097536749322,0.3128556777948808,0.3659258708331272,0,0.006397876617786014,0.09424724359640248,4.0,3.0,700.0,0.32813142057020717,0.03853121801715215
303,0.2022214632227215,0.9861699238730267,0.6817351475821931,0,0.00850682323111876,0.15017875242499962,9.0,1.0,741.0,0.29181412966748344,0.9644024088898813
304,0.6430570244207015,0.47877153541424244,0.8342755593735453,0,0.0014788690836164964,0.14425686044310038,9.0,3.0,614.0,0.30580257066807537,0.1964804870673788
305,0.20159994612631688,0.47395259436378073,0.9754491273810402,0,0.0016159149978016338,0.15699621167239586,9.0,2.0,509.0,0.2626962599787595,0.5683799673050336
306,0.7659427538635744,0.7199447746465106,0.7082393404491488,0,0.0001665586259840396,0.13895820116216448,6.0,5.0,831.0,0.19544625705394345,0.8420036833429515
307,0.7467429010252185,0.3464084377515667,0.2385507797854916,0,0.00025122290467698843,0.09498452424095485,8.0,5.0,705.0,0.07340951448543659,0.02948807345014881
308,0.7086828089699966,0.20879913367154332,0.7136902627665258,0,0.0031543273092528024,0.12360530447984946,5.0,6.0,872.0,0.7461269929449321,0.8960591287497945
309,0.855525295704446,0.6995187340735194,0.8061275159650807,0,0.004685584911823353,0.0735025095531658,6.0,5.0,948.0,0.03938257179281546,0.6470725193650847
310,0.4376763626128906,0.998916890774344,0.758787173742345,0,0.0023435024810838645,0.053046051092963876,3.0,6.0,446.0,0.4721429178460684,0.8996480843499386
311,0.8868743058375211,0.8205064000155748,0.8342094553152462,0,0.0008258335458855097,0.10788275963936342,7.0,4.0,361.0,0.15486228615008016,0.6165026604183619
312,0.20279506524332166,0.4045991192389136,0.7744781386152716,0,0.010615766209537941,0.14083242889205574,3.0,8.0,293.0,0.26441511081643493,0.1015759326912522
313,0.41015295772010263,0.5531873376063507,0.32089215637608914,0,0.0019496282607383078,0.09595162713793129,5.0,7.0,940.0,0.7870745693269373,0.5241934921817966
314,0.6374811957812025,0.8762537504577447,0.39652535108462583,0,0.0005712286187106942,0.18601468556967524,8.0,5.0,788.0,0.2887062504338693,0.02887597374312509
315,0.5874278411946758,0.5422571632170984,0.5328728471213994,0,0.0013744006739414654,0.05001253551822268,3.0,3.0,606.0,0.21703422732935562,0.7625125899557772
316,0.7653616943326422,0.6422474143239137,0.520229534049663,0,0.0003980207848599815,0.06378330631035034,6.0,2.0,676.0,0.1535884235754333,0.5858038802863827
317,0.4479586996450581,0.3005160273049403,0.2218215471598414,0,0.005952182787314603,0.17229220267078565,8.0,8.0,241.0,0.08212874336338112,0.42911319359841593
318,0.752333465512993,0.4563102363896737,0.9542249638626866,0,7.904971154966411e-05,0.1115575118072834,10.0,3.0,60.0,0.5146452585264248,0.7284457398667806
319,0.7800060552272146,0.5667676865929011,0.7892218702320375,0,0.0011661409326990371,0.1816112358101727,9.0,1.0,555.0,0.1687986802900399,0.7293470083317954
320,0.3949650225407141,0.7080933073569773,0.37205116810032623,0,0.0034688760939950917,0.1235853418098056,3.0,6.0,481.0,0.2542910749245762,0.3718023296335929
321,0.30897663447372514,0.5449434665667964,0.36342046372062287,0,0.0358480342584101,0.18241109845876474,10.0,4.0,356.0,0.3165979613617874,0.4980145398098702
322,0.24443773576004763,0.3281524072193599,0.3068261109634303,0,0.0010104036720772688,0.14716790070806807,7.0,4.0,838.0,0.386225211309619,0.061871942987324846
323,0.8461051841151004,0.7140735424740492,0.5503217768421049,0,0.0015940402570307497,0.058525104607914456,8.0,2.0,445.0,0.3137508912681031,0.5209666589744745
324,0.6166957790296527,0.34448935588293195,0.4923776479965366,0,0.03183558109282195,0.1914738482015109,4.0,8.0,637.0,0.03296750197802746,0.17960926163217483
325,0.5714517712882773,0.7119885162495294,0.951540133795013,0,0.0026455688984603487,0.1379057704161434,6.0,1.0,662.0,0.08393223407064149,0.9559795741665729
326,0.42708685365179444,0.3741509132668531,0.4621555915130771,0,0.035690974512831986,0.17284430259236583,7.0,5.0,870.0,0.7214171518917573,0.5234252068995954
327,0.7758382063760018,0.31302827008663087,0.7120714560194643,0,0.002945901033960252,0.16032692446934488,8.0,5.0,383.0,0.3374062082051733,0.02033237613788647
328,0.6623147768553506,0.7268329828186295,0.7522767393246428,0,0.0005438087083797622,0.11457368147217187,6.0,7.0,499.0,0.16646820031921045,0.6174113234755245
329,0.7883771088423811,0.7729457107357199,0.8796295044704551,0,0.0068125620047332315,0.05673442597408833,10.0,6.0,226.0,0.2071992803848463,0.9681888177449262
330,0.2248898255301056,0.560073482398071,0.6003853348099555,0,0.02114742194066108,0.14017627612742486,8.0,5.0,612.0,0.5347726834462093,0.6866227348873303
